"Registration ID","Timestamp","Full name","Age","Age in Number","Gender","Contact number","Location","Vijayawada Idol (Solo)","Vijayawada Champs (Group)","Vijayawada Got Talent","The Vijayawada Quiz","Family Talent","Upload Video/Artwork/Write-up/ Social media profile Link","Column 13","Column 14","Column 15","Institution/Organisation"
"VUS0025","24/09/2026 19:02:01","Sai Ragamalika Tolety","Senior 19+","20","Female","9550554378","Vijayawada","Nritya - Classical Dance Solo","","","","","","I declare that the information provided is true.","I agree to follow the rules and guidelines of Vijayawada Utsav 2025","I understand that the panel decision is finally and they hold the right to disqualify any entry at any stage.",""
"VUJ0001","25/09/2026 13:01:03","Medha Tatineni ","Junior 13-18","14","Female","9908195555","Vijayawada","Swaram - Solo Classical Vocal, Ganam - Solo Cinematic Vocal","Swara Sangam - Classical Vocal Group, Gana Sangam - Cinematic/Folk/Freestyle  Vocal Group","Calligraphy - Handwriting, Katha Tarang - Storytelling, Padya Pravah - telugu Padyalu","","","","I declare that the information provided is true.","I agree to follow the rules and guidelines of Vijayawada Utsav 2025","I understand that the panel decision is finally and they hold the right to disqualify any entry at any stage.",""
"VUSJ0221","25/09/2026 13:02:52","Shanvitha ganni","Sub Junior 6-12","11","Female","7995661170","Andhra Pradesh (except Vijayawada)","Nritya - Classical Dance Solo, Joru - Folk Dance Solo","","","","","","I declare that the information provided is true.","I agree to follow the rules and guidelines of Vijayawada Utsav 2025","I understand that the panel decision is finally and they hold the right to disqualify any entry at any stage.",""
"VUS0002","25/09/2026 13:03:00","Rajya lakshmi vutla ","Senior 19+","19","Female","7330660703","Vijayawada","Nritya - Classical Dance Solo","","","","","","I declare that the information provided is true.","I agree to follow the rules and guidelines of Vijayawada Utsav 2025","I understand that the panel decision is finally and they hold the right to disqualify any entry at any stage.",""
"VUJ0003","25/09/2026 13:03:04","K.Rithvik","Junior 13-18","13","Male","8309872692","Vijayawada","","Swara Sangam - Classical Vocal Group, Gana Sangam - Cinematic/Folk/Freestyle  Vocal Group, Band Vijayawada - Instrumental Band","Chitra Rekha - Drawing, Painting, Craft Collage","Quiz on Vijayawada (Group of 3)","","","I declare that the information provided is true.","I agree to follow the rules and guidelines of Vijayawada Utsav 2025","I understand that the panel decision is finally and they hold the right to disqualify any entry at any stage.",""
"VUSJ0004","25/09/2026 13:03:20","V. HAYATHI ","Sub Junior 6-12","11","Female","9160633242","Vijayawada","Nritya - Classical Dance Solo","","","","","","I declare that the information provided is true.","I agree to follow the rules and guidelines of Vijayawada Utsav 2025","I understand that the panel decision is finally and they hold the right to disqualify any entry at any stage.",""
"VUSJ0005","25/09/2026 13:04:15","K.Nishik","Sub Junior 6-12","10","Male","8309872692","Vijayawada","Swaram - Solo Classical Vocal, Ganam - Solo Cinematic Vocal, Raga Rhythm - Solo Melodic/ Non-Percussion Instrument","Swara Sangam - Classical Vocal Group, Gana Sangam - Cinematic/Folk/Freestyle  Vocal Group, Band Vijayawada - Instrumental Band","","Quiz on Vijayawada (Group of 3)","","","I declare that the information provided is true.","I agree to follow the rules and guidelines of Vijayawada Utsav 2025","I understand that the panel decision is finally and they hold the right to disqualify any entry at any stage.",""
"VUSJ0006","25/09/2026 13:04:34","Vagdevi Sri vaishnavi","Sub Junior 6-12","7","Female","9704404593","Vijayawada","Nritya - Classical Dance Solo, Swaram - Solo Classical Vocal","Nritya Samooha - Classical Dance Group","Chitra Rekha - Drawing, Painting, Calligraphy - Handwriting, Katha Tarang - Storytelling, Katha Rachana - Story Writing, Padya Pravah - telugu Padyalu, Vesham Fiesta - Fancy Dress","Quiz on Vijayawada (Group of 3)","","","I declare that the information provided is true.","I agree to follow the rules and guidelines of Vijayawada Utsav 2025","I understand that the panel decision is finally and they hold the right to disqualify any entry at any stage.",""
"VUJ0007","25/09/2026 13:05:03","Vadlamudi Gnana Darsha","Junior 13-18","13","Female","9849244334","Andhra Pradesh (except Vijayawada)","Nritya - Classical Dance Solo","Nritya Samooha - Classical Dance Group","","","","https://youtu.be/z9ryiKuKCTs?si=fx9vbJjILT-0SH2M","I declare that the information provided is true.","I agree to follow the rules and guidelines of Vijayawada Utsav 2025","I understand that the panel decision is finally and they hold the right to disqualify any entry at any stage.",""
"VUJ0008","25/09/2026 13:05:03","Kolli Akshaya Reddy ","Junior 13-18","15","Female","8688877222","Andhra Pradesh (except Vijayawada)","Nritya - Classical Dance Solo","Nritya Samooha - Classical Dance Group","","","","","I declare that the information provided is true.","I agree to follow the rules and guidelines of Vijayawada Utsav 2025","I understand that the panel decision is finally and they hold the right to disqualify any entry at any stage.",""
"VUS0009","25/09/2026 13:06:25","Lakshmi prasanna ","Senior 19+","22","Female","8897989901","Vijayawada","Nritya - Classical Dance Solo","","","","","","I declare that the information provided is true.","I agree to follow the rules and guidelines of Vijayawada Utsav 2025","I understand that the panel decision is finally and they hold the right to disqualify any entry at any stage.",""
"VUJ0010","25/09/2026 13:09:03","Kolli Akshara reddy","Junior 13-18","13","Female","8688877222","Andhra Pradesh (except Vijayawada)","Raga Rhythm - Solo Melodic/ Non-Percussion Instrument, Tala Tarang - Solo Percussion Instrument","","","","","","I declare that the information provided is true.","I agree to follow the rules and guidelines of Vijayawada Utsav 2025","I understand that the panel decision is finally and they hold the right to disqualify any entry at any stage.",""
"VUJ0011","25/09/2026 13:09:11","Maganti Gomini","Junior 13-18","13","Female","6382859639","Vijayawada","Nritya - Classical Dance Solo","","","","","https://www.instagram.com/reel/DdrENY1hgCjmCJznb9wz5bHsqEj8dcomsPECdU0/?stkn=MTRyYWtqeXlhOWFueg==","I declare that the information provided is true.","I agree to follow the rules and guidelines of Vijayawada Utsav 2025","I understand that the panel decision is finally and they hold the right to disqualify any entry at any stage.",""
"VUJ0012","25/09/2026 13:10:31","Bindhu Komatineni ","Junior 13-18","14","Female","9618092711","Vijayawada","","Gana Sangam - Cinematic/Folk/Freestyle  Vocal Group","Calligraphy - Handwriting, Katha Rachana - Story Writing","Quiz on Vijayawada (Group of 3)","","","I declare that the information provided is true.","I agree to follow the rules and guidelines of Vijayawada Utsav 2025","I understand that the panel decision is finally and they hold the right to disqualify any entry at any stage.",""
"VUSJ0013","25/09/2026 13:11:08","P. RUSHMITHA LAKSHMI DEVI ","Sub Junior 6-12","8","Female","7799386875","Andhra Pradesh (except Vijayawada)","Nritya - Classical Dance Solo, Joru - Folk Dance Solo","","","","","","I declare that the information provided is true.","I agree to follow the rules and guidelines of Vijayawada Utsav 2025","I understand that the panel decision is finally and they hold the right to disqualify any entry at any stage.",""
"VUS0014","25/09/2026 13:13:09","RACHAKULA AMRUTH SHALIM JOSH","Senior 19+","21","Male","9030748241","Vijayawada","","","","Quiz on Vijayawada (Group of 3)","","","I declare that the information provided is true.","I agree to follow the rules and guidelines of Vijayawada Utsav 2025","I understand that the panel decision is finally and they hold the right to disqualify any entry at any stage.",""
"VUSJ0015","25/09/2026 13:14:11","Komatineni Meenakshi ","Sub Junior 6-12","11","Female","9618092711","Vijayawada","","Gana Sangam - Cinematic/Folk/Freestyle  Vocal Group","Chitra Rekha - Drawing, Painting, Calligraphy - Handwriting, Padya Pravah - telugu Padyalu","","","","I declare that the information provided is true.","I agree to follow the rules and guidelines of Vijayawada Utsav 2025","I understand that the panel decision is finally and they hold the right to disqualify any entry at any stage.",""
"VUS0019","25/09/2026 13:16:18","Neeraja Hari Prabhala","Senior 19+","61","Female","9490333194","Vijayawada","Ganam - Solo Cinematic Vocal","","Chitra Rekha - Drawing, Painting, Craft Collage, Calligraphy - Handwriting, Katha Tarang - Storytelling, Katha Rachana - Story Writing, Padya Pravah - telugu Padyalu","Quiz on Vijayawada (Group of 3)","","","I declare that the information provided is true.","I agree to follow the rules and guidelines of Vijayawada Utsav 2025","I understand that the panel decision is finally and they hold the right to disqualify any entry at any stage.",""
"VUSJ0016","25/09/2026 13:17:17","Panditi Lakshana Reddy","Sub Junior 6-12","9","Female","8466962546","Vijayawada","Joru - Folk Dance Solo, Udaan - Freestyle Dance Solo, Swaram - Solo Classical Vocal, Ganam - Solo Cinematic Vocal","Janapada Jalsa - Folk Dance Group, Dance Unleashed - Freestyle Dance Group, Rang Manch - Skit/Burrakatha/Harikatha/Street Play/Theatre work","Muggu Magic - Rangoli, Katha Tarang - Storytelling, Katha Rachana - Story Writing, Padya Pravah - telugu Padyalu, Vesham Fiesta - Fancy Dress","Quiz on Vijayawada (Group of 3)","","lucky_and_nani_starkids - instagram account","I declare that the information provided is true.","I agree to follow the rules and guidelines of Vijayawada Utsav 2025","I understand that the panel decision is finally and they hold the right to disqualify any entry at any stage.",""
"VUS0017","25/09/2026 13:17:50","Lakshmi Tulasi ","Senior 19+","36","Female","9886380262","Other","Swaram - Solo Classical Vocal, Ganam - Solo Cinematic Vocal","","","","","","I declare that the information provided is true.","I agree to follow the rules and guidelines of Vijayawada Utsav 2025","I understand that the panel decision is finally and they hold the right to disqualify any entry at any stage.",""
"VUJ0018","25/09/2026 13:18:10","Muppiri rishitha","Junior 13-18","13","Female","9505155854","Vijayawada","Nritya - Classical Dance Solo","","","","","Ok","I declare that the information provided is true.","I agree to follow the rules and guidelines of Vijayawada Utsav 2025","I understand that the panel decision is finally and they hold the right to disqualify any entry at any stage.",""
"VUS0019","25/09/2026 13:18:58","Neeraja Hari Prabhala","Senior 19+","61","Female","9490333194","Vijayawada","Ganam - Solo Cinematic Vocal","","Chitra Rekha - Drawing, Painting, Craft Collage, Calligraphy - Handwriting, Katha Tarang - Storytelling, Katha Rachana - Story Writing, Padya Pravah - telugu Padyalu","Quiz on Vijayawada (Group of 3)","","","I declare that the information provided is true.","I agree to follow the rules and guidelines of Vijayawada Utsav 2025","I understand that the panel decision is finally and they hold the right to disqualify any entry at any stage.",""
"VUSJ0020","25/09/2026 13:19:24","Panditi Nakshith Venkata Siva Reddy","Sub Junior 6-12","5","Male","8466962546","Vijayawada","Udaan - Freestyle Dance Solo, Ganam - Solo Cinematic Vocal, The Ultimate One - Mono Action, Mime, Magic, Mimicry, Comedy","Janapada Jalsa - Folk Dance Group, Dance Unleashed - Freestyle Dance Group, Rang Manch - Skit/Burrakatha/Harikatha/Street Play/Theatre work","Craft Collage, Katha Tarang - Storytelling","Quiz on Vijayawada (Group of 3)","","","I declare that the information provided is true.","I agree to follow the rules and guidelines of Vijayawada Utsav 2025","I understand that the panel decision is finally and they hold the right to disqualify any entry at any stage.",""
"VUS0021","25/09/2026 13:19:57","PADAVALA MONIKA KIRAN ","Senior 19+","22","Female","7396461918","Andhra Pradesh (except Vijayawada)","Joru - Folk Dance Solo","","","","","https://youtube.com/@bezawadaqueen1918?si=m-xqRwphAf93UQuA","I declare that the information provided is true.","I agree to follow the rules and guidelines of Vijayawada Utsav 2025","I understand that the panel decision is finally and they hold the right to disqualify any entry at any stage.",""
"VUS0019","25/09/2026 13:21:52","Neeraja Hari Prabhala","Senior 19+","61","Female","9490333194","Vijayawada","Ganam - Solo Cinematic Vocal","","Chitra Rekha - Drawing, Painting, Face Fiesta - Face Painting, Craft Collage, Calligraphy - Handwriting, Katha Tarang - Storytelling, Katha Rachana - Story Writing, Padya Pravah - telugu Padyalu","Quiz on Vijayawada (Group of 3)","","","I declare that the information provided is true.","I agree to follow the rules and guidelines of Vijayawada Utsav 2025","I understand that the panel decision is finally and they hold the right to disqualify any entry at any stage.",""
"VUSJ0022","25/09/2026 13:24:06","Yuha","Sub Junior 6-12","10","Female","9963355324","Other","Nritya - Classical Dance Solo","","","","","9963355324","I declare that the information provided is true.","I agree to follow the rules and guidelines of Vijayawada Utsav 2025","I understand that the panel decision is finally and they hold the right to disqualify any entry at any stage.",""
"VUSJ0023","25/09/2026 13:24:49","G Naga Tanvi Sri ","Sub Junior 6-12","12","Female","9642777534","Vijayawada","Nritya - Classical Dance Solo","","","","","","I declare that the information provided is true.","I agree to follow the rules and guidelines of Vijayawada Utsav 2025","I understand that the panel decision is finally and they hold the right to disqualify any entry at any stage.",""
"VUJ0024","25/09/2026 13:29:30","Pulipati Jyotsna Shriya","Junior 13-18","13","Female","9494532106","Vijayawada","The Ultimate One - Mono Action, Mime, Magic, Mimicry, Comedy","","Calligraphy - Handwriting, Katha Tarang - Storytelling, Katha Rachana - Story Writing, Padya Pravah - telugu Padyalu","Quiz on Vijayawada (Group of 3)","","","I declare that the information provided is true.","I agree to follow the rules and guidelines of Vijayawada Utsav 2025","I understand that the panel decision is finally and they hold the right to disqualify any entry at any stage.",""
"VUS0025","25/09/2026 13:30:53","Sai Ragamalika","Senior 19+","20","Female","9550554378","Vijayawada","Nritya - Classical Dance Solo","","","","","","I declare that the information provided is true.","I agree to follow the rules and guidelines of Vijayawada Utsav 2025","I understand that the panel decision is finally and they hold the right to disqualify any entry at any stage.",""
"VUSJ0026","25/09/2026 13:31:22","Dipika Sahu ","Sub Junior 6-12","9","Female","9778046646","Vijayawada","Nritya - Classical Dance Solo","Nritya Samooha - Classical Dance Group","Chitra Rekha - Drawing, Painting","","","","I declare that the information provided is true.","I agree to follow the rules and guidelines of Vijayawada Utsav 2025","I understand that the panel decision is finally and they hold the right to disqualify any entry at any stage.",""
"VUSJ0027","25/09/2026 13:32:23","Harshini","Sub Junior 6-12","11","Female","6305695575","Vijayawada","Nritya - Classical Dance Solo","","","","","https://youtu.be/V2lDQPRYWlY?si=uJnNxseCNamRvyZY","I declare that the information provided is true.","I agree to follow the rules and guidelines of Vijayawada Utsav 2025","I understand that the panel decision is finally and they hold the right to disqualify any entry at any stage.",""
"VUJ0028","25/09/2026 13:32:36","B. Jyoshika ","Junior 13-18","15","Female","7842442980","Vijayawada","","","Katha Tarang - Storytelling, Katha Rachana - Story Writing","","","","I declare that the information provided is true.","I agree to follow the rules and guidelines of Vijayawada Utsav 2025","I understand that the panel decision is finally and they hold the right to disqualify any entry at any stage.",""
"VUSJ0029","25/09/2026 13:34:01","Priya harshitha","Sub Junior 6-12","10","Female","6305695575","Vijayawada","","","","Quiz on Vijayawada (Group of 3)","","","I declare that the information provided is true.","I agree to follow the rules and guidelines of Vijayawada Utsav 2025","I understand that the panel decision is finally and they hold the right to disqualify any entry at any stage.",""
"VUS0030","25/09/2026 13:34:18","Gurram Venugopal ","Senior 19+","28","Male","9966922989","Vijayawada","","","","Quiz on Vijayawada (Group of 3)","","","I declare that the information provided is true.","I agree to follow the rules and guidelines of Vijayawada Utsav 2025","I understand that the panel decision is finally and they hold the right to disqualify any entry at any stage.",""
"VUSJ0031","25/09/2026 13:34:32","P.S.N.V.LAKSHMI GEERVANI","Sub Junior 6-12","","Female","9866887907","Andhra Pradesh (except Vijayawada)","Nritya - Classical Dance Solo","","","","","","I declare that the information provided is true.","I agree to follow the rules and guidelines of Vijayawada Utsav 2025","I understand that the panel decision is finally and they hold the right to disqualify any entry at any stage.",""
"VUSJ0032","25/09/2026 13:37:34","Addepalli Naga Srinika","Sub Junior 6-12","8","Female","6309759977","Vijayawada","Swaram - Solo Classical Vocal","","","","","","I declare that the information provided is true.","I agree to follow the rules and guidelines of Vijayawada Utsav 2025","I understand that the panel decision is finally and they hold the right to disqualify any entry at any stage.",""
"VUSJ0176","25/09/2026 13:39:27","PYNA ESTHER RAINA ","Sub Junior 6-12","9","Female","","Vijayawada","Joru - Folk Dance Solo, Udaan - Freestyle Dance Solo","","Chitra Rekha - Drawing, Painting, Vesham Fiesta - Fancy Dress","","","","I declare that the information provided is true.","I agree to follow the rules and guidelines of Vijayawada Utsav 2025","I understand that the panel decision is finally and they hold the right to disqualify any entry at any stage.",""
"VUS0033","25/09/2026 13:47:36","B.mohana rupa","Senior 19+","37","Female","9010144956","Vijayawada","","","Muggu Magic - Rangoli","","","","I declare that the information provided is true.","I agree to follow the rules and guidelines of Vijayawada Utsav 2025","I understand that the panel decision is finally and they hold the right to disqualify any entry at any stage.",""
"VUJ0034","25/09/2026 13:49:03","K GEETHIKA SRAVYA","Junior 13-18","17","Female","9110777037","Vijayawada","","","Chitra Rekha - Drawing, Painting, Muggu Magic - Rangoli","","","","I declare that the information provided is true.","I agree to follow the rules and guidelines of Vijayawada Utsav 2025","I understand that the panel decision is finally and they hold the right to disqualify any entry at any stage.",""
"VUS0033","25/09/2026 13:51:02","B.mohana rupa","Senior 19+","37","Female","9010144956","Vijayawada","","","","","","","I declare that the information provided is true.","I agree to follow the rules and guidelines of Vijayawada Utsav 2025","I understand that the panel decision is finally and they hold the right to disqualify any entry at any stage.",""
"VUJ0035","25/09/2026 13:51:43","SAKAMURI DOOMIKA","Junior 13-18","16","Female","","Vijayawada","","","Chitra Rekha - Drawing, Painting","","","Artwork ","I declare that the information provided is true.","I agree to follow the rules and guidelines of Vijayawada Utsav 2025","I understand that the panel decision is finally and they hold the right to disqualify any entry at any stage.",""
"VUJ0034","25/09/2026 13:53:39","K geethika sravya","Junior 13-18","17","Female","9110777037","Vijayawada","","","Muggu Magic - Rangoli","","","","I declare that the information provided is true.","I agree to follow the rules and guidelines of Vijayawada Utsav 2025","I understand that the panel decision is finally and they hold the right to disqualify any entry at any stage.",""
"VUS0036","25/09/2026 13:55:51","Daniel.B","Senior 19+","23","Male","7893969647","Vijayawada","","","Chitra Rekha - Drawing, Painting, Face Fiesta - Face Painting, Craft Collage, Calligraphy - Handwriting","","","","I declare that the information provided is true.","I agree to follow the rules and guidelines of Vijayawada Utsav 2025","I understand that the panel decision is finally and they hold the right to disqualify any entry at any stage.",""
"VUS0038","25/09/2026 13:56:07","Paruchuri subbarao","Senior 19+","72","Male","9959403456","Andhra Pradesh (except Vijayawada)","Ganam - Solo Cinematic Vocal","","Padya Pravah - telugu Padyalu","","","","I declare that the information provided is true.","I agree to follow the rules and guidelines of Vijayawada Utsav 2025","I understand that the panel decision is finally and they hold the right to disqualify any entry at any stage.",""
"VUS0037","25/09/2026 13:56:39","Gollamudi lakshmi sirisha ","Senior 19+","49","Female","9493505211","Vijayawada","Swaram - Solo Classical Vocal, Ganam - Solo Cinematic Vocal","Swara Sangam - Classical Vocal Group, Gana Sangam - Cinematic/Folk/Freestyle  Vocal Group","","","","","I declare that the information provided is true.","I agree to follow the rules and guidelines of Vijayawada Utsav 2025","I understand that the panel decision is finally and they hold the right to disqualify any entry at any stage.",""
"VUS0038","25/09/2026 13:58:11","Paruchuri subbarao ","Senior 19+","72","Male","9959403456","Andhra Pradesh (except Vijayawada)","Ganam - Solo Cinematic Vocal","","Padya Pravah - telugu Padyalu","","","","I declare that the information provided is true.","I agree to follow the rules and guidelines of Vijayawada Utsav 2025","I understand that the panel decision is finally and they hold the right to disqualify any entry at any stage.",""
"VUSJ0039","25/09/2026 14:01:41","NALAM VENKATA PRANAV GOUTAM ","Sub Junior 6-12","10","Male","9490754383","Vijayawada","","","Calligraphy - Handwriting, Katha Rachana - Story Writing, Padya Pravah - telugu Padyalu, Vesham Fiesta - Fancy Dress","Quiz on Vijayawada (Group of 3)","","","I declare that the information provided is true.","I agree to follow the rules and guidelines of Vijayawada Utsav 2025","I understand that the panel decision is finally and they hold the right to disqualify any entry at any stage.",""
"VUSJ0040","25/09/2026 14:06:04","Anish Allam ","Sub Junior 6-12","","Male","9849102391","Andhra Pradesh (except Vijayawada)","Swaram - Solo Classical Vocal","","","","","","I declare that the information provided is true.","I agree to follow the rules and guidelines of Vijayawada Utsav 2025","I understand that the panel decision is finally and they hold the right to disqualify any entry at any stage.",""
"VUJ0041","25/09/2026 14:19:31","Pandilla. Gamanasri ","Junior 13-18","14","Female","6305555239","Vijayawada","Nritya - Classical Dance Solo","","","","","","I declare that the information provided is true.","I agree to follow the rules and guidelines of Vijayawada Utsav 2025","I understand that the panel decision is finally and they hold the right to disqualify any entry at any stage.",""
"VUSJ0042","25/09/2026 14:20:23","G Taneesha","Sub Junior 6-12","11","Female","9908726811","Vijayawada","","","Chitra Rekha - Drawing, Painting, Calligraphy - Handwriting","","","","I declare that the information provided is true.","I agree to follow the rules and guidelines of Vijayawada Utsav 2025","I understand that the panel decision is finally and they hold the right to disqualify any entry at any stage.",""
"VUJ0043","25/09/2026 14:25:03","Ananda chandrika ","Junior 13-18","15","Female","9381006614","Other","Nritya - Classical Dance Solo","","","","","https://www.instagram.com/gottumukkalauma?stkn=dGNvdzMxcjFhMWZl","I declare that the information provided is true.","I agree to follow the rules and guidelines of Vijayawada Utsav 2025","I understand that the panel decision is finally and they hold the right to disqualify any entry at any stage.",""
"VUJ0044","25/09/2026 14:26:16","Mahaa Kshethragna.K","Junior 13-18","13","Female","8121776634","Vijayawada","Swaram - Solo Classical Vocal, Ganam - Solo Cinematic Vocal, The Ultimate One - Mono Action, Mime, Magic, Mimicry, Comedy","","Chitra Rekha - Drawing, Painting, Muggu Magic - Rangoli","","","","I declare that the information provided is true.","I agree to follow the rules and guidelines of Vijayawada Utsav 2025","I understand that the panel decision is finally and they hold the right to disqualify any entry at any stage.",""
"VUSJ0045","25/09/2026 14:28:54","Vattikuti Aadhya ","Sub Junior 6-12","10","Female","9908621641","Andhra Pradesh (except Vijayawada)","Nritya - Classical Dance Solo","","","","","Videos ","I declare that the information provided is true.","I agree to follow the rules and guidelines of Vijayawada Utsav 2025","I understand that the panel decision is finally and they hold the right to disqualify any entry at any stage.",""
"VUS0046","25/09/2026 14:29:21","Chakka Durga Venkata Sai Kumar ","Senior 19+","26","Male","8179415009","Vijayawada","","","","Quiz on Vijayawada (Group of 3)","","","I declare that the information provided is true.","I agree to follow the rules and guidelines of Vijayawada Utsav 2025","I understand that the panel decision is finally and they hold the right to disqualify any entry at any stage.",""
"VUS0047","25/09/2026 14:30:20","MPR RAJ","Senior 19+","19","Male","9030328479","Vijayawada","Udaan - Freestyle Dance Solo","","Katha Tarang - Storytelling","Quiz on Vijayawada (Group of 3)","","","I declare that the information provided is true.","I agree to follow the rules and guidelines of Vijayawada Utsav 2025","I understand that the panel decision is finally and they hold the right to disqualify any entry at any stage.",""
"VUJ0048","25/09/2026 14:31:36","V V K SURYATEJA SRIKARI","Junior 13-18","","Female","8919504540","Vijayawada","Nritya - Classical Dance Solo, Joru - Folk Dance Solo, Udaan - Freestyle Dance Solo, Swaram - Solo Classical Vocal","","","","","","I declare that the information provided is true.","I agree to follow the rules and guidelines of Vijayawada Utsav 2025","I understand that the panel decision is finally and they hold the right to disqualify any entry at any stage.",""
"VUSJ0049","25/09/2026 14:31:54","G vinyasri","Sub Junior 6-12","6","Female","7207264858","Vijayawada","","","Vesham Fiesta - Fancy Dress","","","","I declare that the information provided is true.","I agree to follow the rules and guidelines of Vijayawada Utsav 2025","I understand that the panel decision is finally and they hold the right to disqualify any entry at any stage.",""
"VUSJ0050","25/09/2026 14:33:23","T Rishaann ","Sub Junior 6-12","11","Male","7207474170","Vijayawada","The Ultimate One - Mono Action, Mime, Magic, Mimicry, Comedy","","Padya Pravah - telugu Padyalu","","","","I declare that the information provided is true.","I agree to follow the rules and guidelines of Vijayawada Utsav 2025","I understand that the panel decision is finally and they hold the right to disqualify any entry at any stage.",""
"VUSJ0051","25/09/2026 14:40:25","M Saanvi ","Sub Junior 6-12","10","Female","9701834769","Vijayawada","","","Chitra Rekha - Drawing, Painting, Katha Tarang - Storytelling, Padya Pravah - telugu Padyalu","","","","I declare that the information provided is true.","I agree to follow the rules and guidelines of Vijayawada Utsav 2025","I understand that the panel decision is finally and they hold the right to disqualify any entry at any stage.",""
"VUSJ0052","25/09/2026 14:41:56","M Isha","Sub Junior 6-12","","Female","9701834769","Vijayawada","","Dance Unleashed - Freestyle Dance Group","Chitra Rekha - Drawing, Painting, Padya Pravah - telugu Padyalu","","","","I declare that the information provided is true.","I agree to follow the rules and guidelines of Vijayawada Utsav 2025","I understand that the panel decision is finally and they hold the right to disqualify any entry at any stage.",""
"VUSJ0053","25/09/2026 14:51:00","K hanwikaa sree","Sub Junior 6-12","10","Female","6305048754","Vijayawada","Nritya - Classical Dance Solo","","","","","","I declare that the information provided is true.","I agree to follow the rules and guidelines of Vijayawada Utsav 2025","I understand that the panel decision is finally and they hold the right to disqualify any entry at any stage.",""
"VUS0054","25/09/2026 14:55:59","N B L Priya","Senior 19+","38","Female","9177653868","Vijayawada","Udaan - Freestyle Dance Solo","","Calligraphy - Handwriting","Quiz on Vijayawada (Group of 3)","3 Generations Talent Show","","I declare that the information provided is true.","I agree to follow the rules and guidelines of Vijayawada Utsav 2025","I understand that the panel decision is finally and they hold the right to disqualify any entry at any stage.",""
"VUJ0055","25/09/2026 14:57:05","Ravuri Sri Krishna Vardhan ","Junior 13-18","14","Male","9494277539","Vijayawada","","","Chitra Rekha - Drawing, Painting, Padya Pravah - telugu Padyalu","Quiz on Vijayawada (Group of 3)","","https://photos.app.goo.gl/maeYMAwkpqTotjN49","I declare that the information provided is true.","I agree to follow the rules and guidelines of Vijayawada Utsav 2025","I understand that the panel decision is finally and they hold the right to disqualify any entry at any stage.",""
"VUSJ0056","25/09/2026 15:01:51","Ravuri Sri Keerthi Chandrika ","Sub Junior 6-12","12","Female","9494277539","Vijayawada","Nritya - Classical Dance Solo","","Calligraphy - Handwriting","Quiz on Vijayawada (Group of 3)","","","I declare that the information provided is true.","I agree to follow the rules and guidelines of Vijayawada Utsav 2025","I understand that the panel decision is finally and they hold the right to disqualify any entry at any stage.",""
"VUJ0057","25/09/2026 15:02:49","B Nikhitha Lakshmi ","Junior 13-18","16","Female","9397605474","Andhra Pradesh (except Vijayawada)","Nritya - Classical Dance Solo","","","","","","I declare that the information provided is true.","I agree to follow the rules and guidelines of Vijayawada Utsav 2025","I understand that the panel decision is finally and they hold the right to disqualify any entry at any stage.",""
"VUJ0058","25/09/2026 15:03:52","Kottu chandra varshitha","Junior 13-18","18","Female","8688271049","Vijayawada","Nritya - Classical Dance Solo","","","","","","I declare that the information provided is true.","I agree to follow the rules and guidelines of Vijayawada Utsav 2025","I understand that the panel decision is finally and they hold the right to disqualify any entry at any stage.",""
"VUSJ0059","25/09/2026 15:05:53","Prathipati Lekhana ","Sub Junior 6-12","11","Female","9177546500","Vijayawada","Nritya - Classical Dance Solo","","Padya Pravah - telugu Padyalu","","","","I declare that the information provided is true.","I agree to follow the rules and guidelines of Vijayawada Utsav 2025","I understand that the panel decision is finally and they hold the right to disqualify any entry at any stage.",""
"VUJ0060","25/09/2026 15:12:32","Vanguru yogitha Lakshmi","Junior 13-18","16","Female","8885124717","Vijayawada","","","Chitra Rekha - Drawing, Painting","","","","I declare that the information provided is true.","I agree to follow the rules and guidelines of Vijayawada Utsav 2025","I understand that the panel decision is finally and they hold the right to disqualify any entry at any stage.",""
"VUSJ0061","25/09/2026 15:13:49","Vanguru thanya sri","Sub Junior 6-12","9","Female","8885124717","Vijayawada","","","Chitra Rekha - Drawing, Painting","","","","I declare that the information provided is true.","I agree to follow the rules and guidelines of Vijayawada Utsav 2025","I understand that the panel decision is finally and they hold the right to disqualify any entry at any stage.",""
"VUJ0060","25/09/2026 15:14:42","Vanguru yogitha Lakshmi","Junior 13-18","16","Female","8885124717","Vijayawada","Udaan - Freestyle Dance Solo","","","","","","I declare that the information provided is true.","I agree to follow the rules and guidelines of Vijayawada Utsav 2025","I understand that the panel decision is finally and they hold the right to disqualify any entry at any stage.",""
"VUSJ0061","25/09/2026 15:15:26","Vanguru thanya sri","Sub Junior 6-12","9","Female","8885124717","Vijayawada","","","Chitra Rekha - Drawing, Painting, Padya Pravah - telugu Padyalu","","","","I declare that the information provided is true.","I agree to follow the rules and guidelines of Vijayawada Utsav 2025","I understand that the panel decision is finally and they hold the right to disqualify any entry at any stage.",""
"VUJ0062","25/09/2026 15:15:36","KOLA SURYA","Junior 13-18","14","Male","9866102193","Vijayawada","Ganam - Solo Cinematic Vocal, Raga Rhythm - Solo Melodic/ Non-Percussion Instrument","","","","","","I declare that the information provided is true.","I agree to follow the rules and guidelines of Vijayawada Utsav 2025","I understand that the panel decision is finally and they hold the right to disqualify any entry at any stage.",""
"VUSJ0063","25/09/2026 15:20:16","Shrinika Bitra","Sub Junior 6-12","6","Female","7382359491","Vijayawada","","","Vesham Fiesta - Fancy Dress","","","","I declare that the information provided is true.","I agree to follow the rules and guidelines of Vijayawada Utsav 2025","I understand that the panel decision is finally and they hold the right to disqualify any entry at any stage.",""
"VUS0064","25/09/2026 15:22:59","Gundu. Bhargavi","Senior 19+","","Female","9494134221","Vijayawada","","","","Quiz on Vijayawada (Group of 3)","Family Fashion Show","","I declare that the information provided is true.","I agree to follow the rules and guidelines of Vijayawada Utsav 2025","I understand that the panel decision is finally and they hold the right to disqualify any entry at any stage.",""
"VUS0065","25/09/2026 15:28:50","B jayani ","Senior 19+","19","Female","9397605474","Andhra Pradesh (except Vijayawada)","","","Chitra Rekha - Drawing, Painting, Craft Collage, Muggu Magic - Rangoli","","","","I declare that the information provided is true.","I agree to follow the rules and guidelines of Vijayawada Utsav 2025","I understand that the panel decision is finally and they hold the right to disqualify any entry at any stage.",""
"VUSJ0066","25/09/2026 15:40:46","Midhuna chowdary Gorantla ","Sub Junior 6-12","10","Female","8500085898","Vijayawada","Nritya - Classical Dance Solo, Joru - Folk Dance Solo, Udaan - Freestyle Dance Solo, Ganam - Solo Cinematic Vocal","Gana Sangam - Cinematic/Folk/Freestyle  Vocal Group","","","","Youtube channel:steps by midhuna.   Insta :Gowthami. Rayidi","I declare that the information provided is true.","I agree to follow the rules and guidelines of Vijayawada Utsav 2025","I understand that the panel decision is finally and they hold the right to disqualify any entry at any stage.",""
"VUSJ0067","25/09/2026 15:45:27","Mudili vedha varshini","Sub Junior 6-12","11","Female","9160068426","Vijayawada","Nritya - Classical Dance Solo","","","","","","I declare that the information provided is true.","I agree to follow the rules and guidelines of Vijayawada Utsav 2025","I understand that the panel decision is finally and they hold the right to disqualify any entry at any stage.",""
"VUS0068","25/09/2026 15:56:59","K. Shashank","Senior 19+","19","Male","9010495300","Vijayawada","","","","Quiz on Vijayawada (Group of 3)","","","I declare that the information provided is true.","I agree to follow the rules and guidelines of Vijayawada Utsav 2025","I understand that the panel decision is finally and they hold the right to disqualify any entry at any stage.",""
"VUSJ0069","25/09/2026 16:06:26","Midigesi Khushal","Sub Junior 6-12","8","Male","9177653868","Vijayawada","","","Calligraphy - Handwriting","","","","I declare that the information provided is true.","I agree to follow the rules and guidelines of Vijayawada Utsav 2025","I understand that the panel decision is finally and they hold the right to disqualify any entry at any stage.",""
"VUSJ0070","25/09/2026 16:06:34","Ch yoshnitharam ","Sub Junior 6-12","6","Female","9963791271","Vijayawada","Nritya - Classical Dance Solo","","Chitra Rekha - Drawing, Painting, Katha Tarang - Storytelling, Vesham Fiesta - Fancy Dress","","","","I declare that the information provided is true.","I agree to follow the rules and guidelines of Vijayawada Utsav 2025","I understand that the panel decision is finally and they hold the right to disqualify any entry at any stage.",""
"VUSJ0071","25/09/2026 16:08:04","Ch Dhaanvikaram ","Sub Junior 6-12","5","Female","9963791271","Vijayawada","","","Vesham Fiesta - Fancy Dress","","","","I declare that the information provided is true.","I agree to follow the rules and guidelines of Vijayawada Utsav 2025","I understand that the panel decision is finally and they hold the right to disqualify any entry at any stage.",""
"VUJ0072","25/09/2026 16:36:33","Pilla neelima ","Junior 13-18","18","Female","9398185144","Vijayawada","Nritya - Classical Dance Solo","","","","","","I declare that the information provided is true.","I agree to follow the rules and guidelines of Vijayawada Utsav 2025","I understand that the panel decision is finally and they hold the right to disqualify any entry at any stage.",""
"VUJ0073","25/09/2026 16:54:10","Bikki Thoshitha ","Junior 13-18","14","Female","8074193509","Andhra Pradesh (except Vijayawada)","Nritya - Classical Dance Solo, Swaram - Solo Classical Vocal","","","","","https://youtube.com/@alekhabikki?si=FVD-jhm7_PA0jPTC","I declare that the information provided is true.","I agree to follow the rules and guidelines of Vijayawada Utsav 2025","I understand that the panel decision is finally and they hold the right to disqualify any entry at any stage.",""
"VUSJ0074","25/09/2026 17:15:13","Goli Tanvika","Sub Junior 6-12","8","Female","8919462605","Vijayawada","Nritya - Classical Dance Solo, Swaram - Solo Classical Vocal","","","","","https://www.instagram.com/tanvika_raagam?stkn=cWt2ZzRkYXZoMnE2&utm_source=qr","I declare that the information provided is true.","I agree to follow the rules and guidelines of Vijayawada Utsav 2025","I understand that the panel decision is finally and they hold the right to disqualify any entry at any stage.",""
"VUJ0075","25/09/2026 17:40:28","K. JASHWITA ","Junior 13-18","13","Female","7989784849","Andhra Pradesh (except Vijayawada)","Nritya - Classical Dance Solo, Joru - Folk Dance Solo","Nritya Samooha - Classical Dance Group, Janapada Jalsa - Folk Dance Group","","","","https://youtu.be/3w_N3-dy0HA?si=xorTUpRODP8najk4","I declare that the information provided is true.","I agree to follow the rules and guidelines of Vijayawada Utsav 2025","I understand that the panel decision is finally and they hold the right to disqualify any entry at any stage.",""
"VUJ0076","25/09/2026 17:51:22","ROUTHU GNANA JYOTHI ","Junior 13-18","15","Female","9652768990","Vijayawada","Nritya - Classical Dance Solo","","","","","No","I declare that the information provided is true.","I agree to follow the rules and guidelines of Vijayawada Utsav 2025","I understand that the panel decision is finally and they hold the right to disqualify any entry at any stage.",""
"VUJ0077","25/09/2026 17:54:51","ROWTHU PALLAVI ","Junior 13-18","13","Female","9652768990","Vijayawada","","","Muggu Magic - Rangoli","","","No","I declare that the information provided is true.","I agree to follow the rules and guidelines of Vijayawada Utsav 2025","I understand that the panel decision is finally and they hold the right to disqualify any entry at any stage.",""
"VUSJ0039","25/09/2026 17:59:03","Nalam pranav Goutam ","Sub Junior 6-12","10","Male","9490754383","Vijayawada","","","Calligraphy - Handwriting, Katha Rachana - Story Writing, Padya Pravah - telugu Padyalu, Vesham Fiesta - Fancy Dress","","","","I declare that the information provided is true.","I agree to follow the rules and guidelines of Vijayawada Utsav 2025","I understand that the panel decision is finally and they hold the right to disqualify any entry at any stage.",""
"VUS0078","25/09/2026 18:24:07","Gondela Rakesh Gupta","Senior 19+","","Male","9154073990","Vijayawada","Raga Rhythm - Solo Melodic/ Non-Percussion Instrument","Band Vijayawada - Instrumental Band","Padya Pravah - telugu Padyalu, Vesham Fiesta - Fancy Dress","Quiz on Vijayawada (Group of 3)","Family Fashion Show","https://www.instagram.com/rakeshgondela44?stkn=MXd5ZXQxc2Q1dndzMg==","I declare that the information provided is true.","I agree to follow the rules and guidelines of Vijayawada Utsav 2025","I understand that the panel decision is finally and they hold the right to disqualify any entry at any stage.",""
"VUS0079","25/09/2026 19:21:53","Vemavarapu Lakshmi Narasimha Rao.","Senior 19+","70","Male","9908705427","Andhra Pradesh (except Vijayawada)","Ganam - Solo Cinematic Vocal","","","","","","I declare that the information provided is true.","I agree to follow the rules and guidelines of Vijayawada Utsav 2025","I understand that the panel decision is finally and they hold the right to disqualify any entry at any stage.",""
"VUSJ0080","25/09/2026 19:25:18","M.Spurthy Mohan","Sub Junior 6-12","11","Female","9959545090","Andhra Pradesh (except Vijayawada)","Nritya - Classical Dance Solo","","","","","","I declare that the information provided is true.","I agree to follow the rules and guidelines of Vijayawada Utsav 2025","I understand that the panel decision is finally and they hold the right to disqualify any entry at any stage.",""
"VUS0081","25/09/2026 20:29:00","Vendrapu poornima ","Senior 19+","53","Female","9492715213","Vijayawada","Swaram - Solo Classical Vocal, Ganam - Solo Cinematic Vocal, Raga Rhythm - Solo Melodic/ Non-Percussion Instrument","","Padya Pravah - telugu Padyalu","","","https://youtu.be/KOWsaDtMKhY?si=gvMksmxffJbTmV-A","I declare that the information provided is true.","I agree to follow the rules and guidelines of Vijayawada Utsav 2025","I understand that the panel decision is finally and they hold the right to disqualify any entry at any stage.",""
"VUJ0082","25/09/2026 21:08:38","Sk Sharmila","Junior 13-18","17","Female","8977855998","Vijayawada","Nritya - Classical Dance Solo","","","","","","I declare that the information provided is true.","I agree to follow the rules and guidelines of Vijayawada Utsav 2025","I understand that the panel decision is finally and they hold the right to disqualify any entry at any stage.",""
"VUJ0083","25/09/2026 21:20:24","Grahya Devabhaktuni","Junior 13-18","13","Female","9494941936","Vijayawada","Swaram - Solo Classical Vocal, Ganam - Solo Cinematic Vocal","Swara Sangam - Classical Vocal Group, Gana Sangam - Cinematic/Folk/Freestyle  Vocal Group","Craft Collage, Muggu Magic - Rangoli, Padya Pravah - telugu Padyalu","","","","I declare that the information provided is true.","I agree to follow the rules and guidelines of Vijayawada Utsav 2025","I understand that the panel decision is finally and they hold the right to disqualify any entry at any stage.",""
"VUJ0084","25/09/2026 21:24:40","A Hruthika","Junior 13-18","15","Female","8121118280","Andhra Pradesh (except Vijayawada)","Nritya - Classical Dance Solo","","","","","","I declare that the information provided is true.","I agree to follow the rules and guidelines of Vijayawada Utsav 2025","I understand that the panel decision is finally and they hold the right to disqualify any entry at any stage.",""
"VUJ0084","25/09/2026 21:25:59","A.Hruthika","Junior 13-18","15","Female","8121118280","Andhra Pradesh (except Vijayawada)","Nritya - Classical Dance Solo","","","","","","I declare that the information provided is true.","I agree to follow the rules and guidelines of Vijayawada Utsav 2025","I understand that the panel decision is finally and they hold the right to disqualify any entry at any stage.",""
"VUS0085","25/09/2026 21:36:12","Amulya Veeramaneni","Senior 19+","30","Female","7661899655","Vijayawada","","","Craft Collage","","","https://www.instagram.com/ammucrafts/?hl=en","I declare that the information provided is true.","I agree to follow the rules and guidelines of Vijayawada Utsav 2025","I understand that the panel decision is finally and they hold the right to disqualify any entry at any stage.",""
"VUS0086","25/09/2026 21:38:14","Veeramaneni Sai Saketh","Senior 19+","33","Male","8801442927","Vijayawada","","","Vijayawada Uncut - Reel/Video Making about Vijaaywada","","","","I declare that the information provided is true.","I agree to follow the rules and guidelines of Vijayawada Utsav 2025","I understand that the panel decision is finally and they hold the right to disqualify any entry at any stage.",""
"VUSJ0087","25/09/2026 22:02:40","Kilari Aarohi","Sub Junior 6-12","11","Female","9396966931","Vijayawada","","","Katha Tarang - Storytelling, Katha Rachana - Story Writing, Padya Pravah - telugu Padyalu","","","","I declare that the information provided is true.","I agree to follow the rules and guidelines of Vijayawada Utsav 2025","I understand that the panel decision is finally and they hold the right to disqualify any entry at any stage.",""
"VUSJ0088","25/09/2026 22:10:07","Velisetti Medha sri ","Sub Junior 6-12","11","Female","9063839378","Andhra Pradesh (except Vijayawada)","Nritya - Classical Dance Solo","","","","","Nothing only solo dance NRITYA","I declare that the information provided is true.","I agree to follow the rules and guidelines of Vijayawada Utsav 2025","I understand that the panel decision is finally and they hold the right to disqualify any entry at any stage.",""
"VUS0089","25/09/2026 22:15:37","Bolisetty Mahalakshmi ","Senior 19+","40","Female","7842442980","Vijayawada","","","Muggu Magic - Rangoli","","","","I declare that the information provided is true.","I agree to follow the rules and guidelines of Vijayawada Utsav 2025","I understand that the panel decision is finally and they hold the right to disqualify any entry at any stage.",""
"VUJ0090","25/09/2026 22:24:20","V.Karthika","Junior 13-18","16","Female","9912123900","Vijayawada","Nritya - Classical Dance Solo, Udaan - Freestyle Dance Solo","","","","","https://www.instagram.com/_karthika.30._?stkn=bG83emJybzR2cW4x","I declare that the information provided is true.","I agree to follow the rules and guidelines of Vijayawada Utsav 2025","I understand that the panel decision is finally and they hold the right to disqualify any entry at any stage.",""
"VUJ0186","25/09/2026 22:34:33","Bollimuntha navyasri","Junior 13-18","","Female","9398794869","Vijayawada","","Nritya Samooha - Classical Dance Group","","","","https://www.instagram.com/reel/DWfk--aCki2/?stkn=ZGRnOHR4ODk3bTJ1","I declare that the information provided is true.","I agree to follow the rules and guidelines of Vijayawada Utsav 2025","I understand that the panel decision is finally and they hold the right to disqualify any entry at any stage.",""
"VUSJ0091","25/09/2026 22:38:38","Likhitha Sai Sree Vutla ","Sub Junior 6-12","12","Female","7032663289","Other","Nritya - Classical Dance Solo","","Chitra Rekha - Drawing, Painting","","","","I declare that the information provided is true.","I agree to follow the rules and guidelines of Vijayawada Utsav 2025","I understand that the panel decision is finally and they hold the right to disqualify any entry at any stage.",""
"VUJ0092","25/09/2026 22:41:19","V Charmi Sai Aishwarya ","Junior 13-18","16","Female","9989316711","Vijayawada","Nritya - Classical Dance Solo","","Calligraphy - Handwriting","","","https://youtu.be/YS6OwBa9i1c?si=9ZVmTKNmQEi4jZ8j","I declare that the information provided is true.","I agree to follow the rules and guidelines of Vijayawada Utsav 2025","I understand that the panel decision is finally and they hold the right to disqualify any entry at any stage.",""
"VUSJ0093","25/09/2026 22:50:21","Damerla venkata viveka Teerdhasri ","Sub Junior 6-12","7","Female","7382530194","Andhra Pradesh (except Vijayawada)","Nritya - Classical Dance Solo","","","","","","I declare that the information provided is true.","I agree to follow the rules and guidelines of Vijayawada Utsav 2025","I understand that the panel decision is finally and they hold the right to disqualify any entry at any stage.",""
"VUSJ0094","25/09/2026 22:50:50","Y Dhruvan","Sub Junior 6-12","10","Male","9966171165","Vijayawada","Swaram - Solo Classical Vocal","","Padya Pravah - telugu Padyalu","Quiz on Vijayawada (Group of 3)","","","I declare that the information provided is true.","I agree to follow the rules and guidelines of Vijayawada Utsav 2025","I understand that the panel decision is finally and they hold the right to disqualify any entry at any stage.",""
"VUSJ0095","25/09/2026 22:55:45","Jinka parameswar ","Sub Junior 6-12","7","Male","7702727131","Vijayawada","","","Padya Pravah - telugu Padyalu, Vesham Fiesta - Fancy Dress","","","","I declare that the information provided is true.","I agree to follow the rules and guidelines of Vijayawada Utsav 2025","I understand that the panel decision is finally and they hold the right to disqualify any entry at any stage.",""
"VUSJ0096","25/09/2026 22:57:54","Jinka sri raja Vedanshi ","Sub Junior 6-12","5","Female","9059334535","Vijayawada","","","Padya Pravah - telugu Padyalu, Vesham Fiesta - Fancy Dress","","","","I declare that the information provided is true.","I agree to follow the rules and guidelines of Vijayawada Utsav 2025","I understand that the panel decision is finally and they hold the right to disqualify any entry at any stage.",""
"VUSJ0095","25/09/2026 23:02:28","Jinka parameswar ","Sub Junior 6-12","7","Male","7702727131","Vijayawada","","","Katha Tarang - Storytelling","","","","I declare that the information provided is true.","I agree to follow the rules and guidelines of Vijayawada Utsav 2025","I understand that the panel decision is finally and they hold the right to disqualify any entry at any stage.",""
"VUJ0097","26/09/2026 04:58:48","G Varun krishna","Junior 13-18","14","Male","8341184455","Vijayawada","","","Padya Pravah - telugu Padyalu","","","","I declare that the information provided is true.","I agree to follow the rules and guidelines of Vijayawada Utsav 2025","I understand that the panel decision is finally and they hold the right to disqualify any entry at any stage.",""
"VUJ0098","26/09/2026 05:00:38","G manasa","Junior 13-18","16","Female","8341184455","Vijayawada","","","Padya Pravah - telugu Padyalu","","","","I declare that the information provided is true.","I agree to follow the rules and guidelines of Vijayawada Utsav 2025","I understand that the panel decision is finally and they hold the right to disqualify any entry at any stage.",""
"VUJ0099","26/09/2026 07:49:06","Tirunagari suhitha","Junior 13-18","16","Female","9703469764","Vijayawada","Nritya - Classical Dance Solo","","","","","","I declare that the information provided is true.","I agree to follow the rules and guidelines of Vijayawada Utsav 2025","I understand that the panel decision is finally and they hold the right to disqualify any entry at any stage.",""
"VUS0100","26/09/2026 07:57:20","Allam Naga Durga Bhavani ","Senior 19+","27","Female","7036755782","Vijayawada","Ganam - Solo Cinematic Vocal","","","","","","I declare that the information provided is true.","I agree to follow the rules and guidelines of Vijayawada Utsav 2025","I understand that the panel decision is finally and they hold the right to disqualify any entry at any stage.",""
"VUSJ0101","26/09/2026 08:45:49","Devaki Rithvik ramachandra ","Sub Junior 6-12","10","Female","9494405546","Vijayawada","","","Calligraphy - Handwriting","","","","I declare that the information provided is true.","I agree to follow the rules and guidelines of Vijayawada Utsav 2025","I understand that the panel decision is finally and they hold the right to disqualify any entry at any stage.",""
"VUJ0102","26/09/2026 10:10:07","Puli mayooka naidu","Junior 13-18","14","Female","8309743614","Andhra Pradesh (except Vijayawada)","Nritya - Classical Dance Solo, Joru - Folk Dance Solo","Nritya Samooha - Classical Dance Group, Janapada Jalsa - Folk Dance Group","","","","https://www.instagram.com/puli_sirisha_gandhi_?stkn=MXRoazk0b2JsZm01Mw==","I declare that the information provided is true.","I agree to follow the rules and guidelines of Vijayawada Utsav 2025","I understand that the panel decision is finally and they hold the right to disqualify any entry at any stage.",""
"VUSJ0103","26/09/2026 10:16:11","I.lakshmi sahasra","Sub Junior 6-12","12","Female","8985185583","Andhra Pradesh (except Vijayawada)","Nritya - Classical Dance Solo, Joru - Folk Dance Solo","Nritya Samooha - Classical Dance Group, Janapada Jalsa - Folk Dance Group","Calligraphy - Handwriting","","","https://www.instagram.com/isahasra1016?stkn=ZDZyZ2x2bXhyMHJs","I declare that the information provided is true.","I agree to follow the rules and guidelines of Vijayawada Utsav 2025","I understand that the panel decision is finally and they hold the right to disqualify any entry at any stage.",""
"VUSJ0104","26/09/2026 10:29:30","L.Tanvika sri","Sub Junior 6-12","6","Female","8074753045","Vijayawada","","","Vesham Fiesta - Fancy Dress","","","","I declare that the information provided is true.","I agree to follow the rules and guidelines of Vijayawada Utsav 2025","I understand that the panel decision is finally and they hold the right to disqualify any entry at any stage.",""
"VUSJ0105","26/09/2026 11:02:03","Gamana Chowdary Yalavarthy","Sub Junior 6-12","","Female","9063322275","Other","Nritya - Classical Dance Solo","Nritya Samooha - Classical Dance Group","Vesham Fiesta - Fancy Dress","","","","I declare that the information provided is true.","I agree to follow the rules and guidelines of Vijayawada Utsav 2025","I understand that the panel decision is finally and they hold the right to disqualify any entry at any stage.",""
"VUS0106","26/09/2026 11:31:38","Prasanthi .k","Senior 19+","19","Female","7036784749","Vijayawada","Nritya - Classical Dance Solo","","Muggu Magic - Rangoli, Vijayawada Uncut - Reel/Video Making about Vijaaywada","","","","I declare that the information provided is true.","I agree to follow the rules and guidelines of Vijayawada Utsav 2025","I understand that the panel decision is finally and they hold the right to disqualify any entry at any stage.",""
"VUS0107","26/09/2026 11:38:42","Bhattu. Tirumala Kalyani ","Senior 19+","21","Female","8790423298","Andhra Pradesh (except Vijayawada)","Nritya - Classical Dance Solo","","","","","https://youtube.com/shorts/Rowl4sHDT80?si=9Jf-bvaSNtFMkmGj","I declare that the information provided is true.","I agree to follow the rules and guidelines of Vijayawada Utsav 2025","I understand that the panel decision is finally and they hold the right to disqualify any entry at any stage.",""
"VUS0108","26/09/2026 11:58:55","Mani mala .T","Senior 19+","45","Female","9703159967","Vijayawada","Swaram - Solo Classical Vocal","","","","","","I declare that the information provided is true.","I agree to follow the rules and guidelines of Vijayawada Utsav 2025","I understand that the panel decision is finally and they hold the right to disqualify any entry at any stage.",""
"VUS0108","26/09/2026 12:04:51","Mani mala.T","Senior 19+","46","Female","9703159967","Vijayawada","Swaram - Solo Classical Vocal","Swara Sangam - Classical Vocal Group","","","","","I declare that the information provided is true.","I agree to follow the rules and guidelines of Vijayawada Utsav 2025","I understand that the panel decision is finally and they hold the right to disqualify any entry at any stage.",""
"VUJ0109","26/09/2026 12:35:21","B sai Nikhil","Junior 13-18","16","Male","9701459864","Andhra Pradesh (except Vijayawada)","","","Chitra Rekha - Drawing, Painting","","","","I declare that the information provided is true.","I agree to follow the rules and guidelines of Vijayawada Utsav 2025","I understand that the panel decision is finally and they hold the right to disqualify any entry at any stage.",""
"VUS0116","26/09/2026 12:52:33","Tadepalli Venkata subrahmanya sastry ","Senior 19+","76","Male","9441128090","Andhra Pradesh (except Vijayawada)","Ganam - Solo Cinematic Vocal","","Padya Pravah - telugu Padyalu","","","","I declare that the information provided is true.","I agree to follow the rules and guidelines of Vijayawada Utsav 2025","I understand that the panel decision is finally and they hold the right to disqualify any entry at any stage.",""
"VUSJ0110","26/09/2026 14:13:44","M S Vaishnavya ","Sub Junior 6-12","10","Female","9160247896","Vijayawada","","","Chitra Rekha - Drawing, Painting, Katha Tarang - Storytelling, Katha Rachana - Story Writing, Padya Pravah - telugu Padyalu","","","","I declare that the information provided is true.","I agree to follow the rules and guidelines of Vijayawada Utsav 2025","I understand that the panel decision is finally and they hold the right to disqualify any entry at any stage.",""
"VUSJ0111","26/09/2026 14:15:08","M Jayansh ","Sub Junior 6-12","5","Male","9160247896","Vijayawada","","","Chitra Rekha - Drawing, Painting, Katha Tarang - Storytelling, Padya Pravah - telugu Padyalu","","","","I declare that the information provided is true.","I agree to follow the rules and guidelines of Vijayawada Utsav 2025","I understand that the panel decision is finally and they hold the right to disqualify any entry at any stage.",""
"VUS0114","26/09/2026 14:18:39","G.vani","Senior 19+","60","Female","9247190666","Vijayawada","","","","","Family Fashion Show","","I declare that the information provided is true.","I agree to follow the rules and guidelines of Vijayawada Utsav 2025","I understand that the panel decision is finally and they hold the right to disqualify any entry at any stage.",""
"VUSJ0095","26/09/2026 14:20:03","Jinka parameswar ","Sub Junior 6-12","7","Male","7702727131","Vijayawada","","","Katha Tarang - Storytelling, Padya Pravah - telugu Padyalu, Vesham Fiesta - Fancy Dress","","","","I declare that the information provided is true.","I agree to follow the rules and guidelines of Vijayawada Utsav 2025","I understand that the panel decision is finally and they hold the right to disqualify any entry at any stage.",""
"VUJ0112","26/09/2026 14:21:36","GUJJARI PHANI SAI PRANEETH ","Junior 13-18","15","Male","8143878002","Vijayawada","","","Chitra Rekha - Drawing, Painting","","","","I declare that the information provided is true.","I agree to follow the rules and guidelines of Vijayawada Utsav 2025","I understand that the panel decision is finally and they hold the right to disqualify any entry at any stage.",""
"VUSJ0113","26/09/2026 14:27:05","Yeggina Vishwajith ","Sub Junior 6-12","","Male","9440535577","Vijayawada","","","Chitra Rekha - Drawing, Painting, Calligraphy - Handwriting, Katha Tarang - Storytelling","Quiz on Vijayawada (Group of 3)","","","I declare that the information provided is true.","I agree to follow the rules and guidelines of Vijayawada Utsav 2025","I understand that the panel decision is finally and they hold the right to disqualify any entry at any stage.",""
"VUS0114","26/09/2026 16:26:39","G vani ","Senior 19+","60","Female","9059334535","Vijayawada","","","","","Family Fashion Show","","I declare that the information provided is true.","I agree to follow the rules and guidelines of Vijayawada Utsav 2025","I understand that the panel decision is finally and they hold the right to disqualify any entry at any stage.",""
"VUS0115","26/09/2026 16:27:21","Pushpa Kumari ","Senior 19+","35","Female","9059334535","Vijayawada","","","","","Family Fashion Show","","I declare that the information provided is true.","I agree to follow the rules and guidelines of Vijayawada Utsav 2025","I understand that the panel decision is finally and they hold the right to disqualify any entry at any stage.",""
"VUSJ0096","26/09/2026 16:28:17","Vedanshi ","Sub Junior 6-12","5","Female","9059334535","Vijayawada","","","","","Family Fashion Show","","I declare that the information provided is true.","I agree to follow the rules and guidelines of Vijayawada Utsav 2025","I understand that the panel decision is finally and they hold the right to disqualify any entry at any stage.",""
"VUS0116","26/09/2026 17:13:34","Tadepalli Venkata subrahmanya sastry ","Senior 19+","77","Male","9441128090","Andhra Pradesh (except Vijayawada)","Ganam - Solo Cinematic Vocal","","Padya Pravah - telugu Padyalu","","","","I declare that the information provided is true.","I agree to follow the rules and guidelines of Vijayawada Utsav 2025","I understand that the panel decision is finally and they hold the right to disqualify any entry at any stage.",""
"VUSJ0117","26/09/2026 18:21:52","Moturi Yaswitha siri","Sub Junior 6-12","9","Female","7981167924","Vijayawada","Nritya - Classical Dance Solo","Nritya Samooha - Classical Dance Group","","","","","I declare that the information provided is true.","I agree to follow the rules and guidelines of Vijayawada Utsav 2025","I understand that the panel decision is finally and they hold the right to disqualify any entry at any stage.",""
"VUSJ0117","26/09/2026 18:29:20","Moturi Yaswitha siri ","Sub Junior 6-12","9","Female","7981167924","Vijayawada","Nritya - Classical Dance Solo","Nritya Samooha - Classical Dance Group","Calligraphy - Handwriting","","","","I declare that the information provided is true.","I agree to follow the rules and guidelines of Vijayawada Utsav 2025","I understand that the panel decision is finally and they hold the right to disqualify any entry at any stage.",""
"VUSJ0118","26/09/2026 18:31:36","Moturi VN Vihana","Sub Junior 6-12","7","Female","7981167924","Vijayawada","","","Vesham Fiesta - Fancy Dress","","","","I declare that the information provided is true.","I agree to follow the rules and guidelines of Vijayawada Utsav 2025","I understand that the panel decision is finally and they hold the right to disqualify any entry at any stage.",""
"VUJ0119","26/09/2026 18:40:55","Gadde. Meenakshi ","Junior 13-18","15","Female","9704947325","Vijayawada","Nritya - Classical Dance Solo","","Vesham Fiesta - Fancy Dress","Quiz on Vijayawada (Group of 3)","","","I declare that the information provided is true.","I agree to follow the rules and guidelines of Vijayawada Utsav 2025","I understand that the panel decision is finally and they hold the right to disqualify any entry at any stage.",""
"VUS0120","26/09/2026 20:33:44","Prajwala Kompella ","Senior 19+","25","Female","7799429794","Vijayawada","","Dance Unleashed - Freestyle Dance Group","","","","","I declare that the information provided is true.","I agree to follow the rules and guidelines of Vijayawada Utsav 2025","I understand that the panel decision is finally and they hold the right to disqualify any entry at any stage.",""
"VUS0121","26/09/2026 20:33:48","Batchu Harshini ","Senior 19+","20","Female","7799429794","Vijayawada","","Dance Unleashed - Freestyle Dance Group","","","","","I declare that the information provided is true.","I agree to follow the rules and guidelines of Vijayawada Utsav 2025","I understand that the panel decision is finally and they hold the right to disqualify any entry at any stage.",""
"VUS0122","26/09/2026 20:33:49","Sri Varshitha Badineni","Senior 19+","20","Female","7799429794","Vijayawada","","Dance Unleashed - Freestyle Dance Group","","","","","I declare that the information provided is true.","I agree to follow the rules and guidelines of Vijayawada Utsav 2025","I understand that the panel decision is finally and they hold the right to disqualify any entry at any stage.",""
"VUS0123","26/09/2026 20:34:54","N.Sri Sai Induja","Senior 19+","19","Female","7799429794","Vijayawada","","Dance Unleashed - Freestyle Dance Group","","","","","I declare that the information provided is true.","I agree to follow the rules and guidelines of Vijayawada Utsav 2025","I understand that the panel decision is finally and they hold the right to disqualify any entry at any stage.",""
"VUS0124","26/09/2026 20:35:04","R.Venkata lakshmi ","Senior 19+","19","Female","7799429794","Vijayawada","","Dance Unleashed - Freestyle Dance Group","","","","","I declare that the information provided is true.","I agree to follow the rules and guidelines of Vijayawada Utsav 2025","I understand that the panel decision is finally and they hold the right to disqualify any entry at any stage.",""
"VUSJ0125","26/09/2026 20:52:31","Y Dhanyasa Hema","Sub Junior 6-12","9","Female","9493676755","Other","Swaram - Solo Classical Vocal, Ganam - Solo Cinematic Vocal, Raga Rhythm - Solo Melodic/ Non-Percussion Instrument","Band Vijayawada - Instrumental Band","Chitra Rekha - Drawing, Painting","","","","I declare that the information provided is true.","I agree to follow the rules and guidelines of Vijayawada Utsav 2025","I understand that the panel decision is finally and they hold the right to disqualify any entry at any stage.",""
"VUSJ0126","26/09/2026 20:55:04","Y chenchu lakshmi","Sub Junior 6-12","6","Female","9490235255","Other","Swaram - Solo Classical Vocal, Ganam - Solo Cinematic Vocal, Raga Rhythm - Solo Melodic/ Non-Percussion Instrument, Tala Tarang - Solo Percussion Instrument","","","","","","I declare that the information provided is true.","I agree to follow the rules and guidelines of Vijayawada Utsav 2025","I understand that the panel decision is finally and they hold the right to disqualify any entry at any stage.",""
"VUS0127","26/09/2026 21:29:59","S. Archana ","Senior 19+","40","Female","9963603599","Vijayawada","Swaram - Solo Classical Vocal","Swara Sangam - Classical Vocal Group","","","","","I declare that the information provided is true.","I agree to follow the rules and guidelines of Vijayawada Utsav 2025","I understand that the panel decision is finally and they hold the right to disqualify any entry at any stage.",""
"VUS0127","26/09/2026 21:32:34","S. Archana ","Senior 19+","40","Female","9963603599","Vijayawada","Swaram - Solo Classical Vocal","Swara Sangam - Classical Vocal Group","","","","","I declare that the information provided is true.","I agree to follow the rules and guidelines of Vijayawada Utsav 2025","I understand that the panel decision is finally and they hold the right to disqualify any entry at any stage.",""
"VUJ0128","26/09/2026 21:48:15","KUNCHEM Samuel ","Junior 13-18","15","Male","8121981183","Vijayawada","","","Chitra Rekha - Drawing, Painting, Craft Collage","","","","I declare that the information provided is true.","I agree to follow the rules and guidelines of Vijayawada Utsav 2025","I understand that the panel decision is finally and they hold the right to disqualify any entry at any stage.",""
"VUSJ0129","26/09/2026 21:49:28","Tanuja Lankalapalli","Sub Junior 6-12","9","Female","","Vijayawada","Nritya - Classical Dance Solo","","","","","https://www.instagram.com/tanuu_verse?igsh=YmhlejB1NzA3ZG53","I declare that the information provided is true.","I agree to follow the rules and guidelines of Vijayawada Utsav 2025","I understand that the panel decision is finally and they hold the right to disqualify any entry at any stage.",""
"VUSJ0130","26/09/2026 21:51:59","Tanuja Lanklapalli","Sub Junior 6-12","9","Female","6304113603","Vijayawada","Nritya - Classical Dance Solo","","","","","https://www.instagram.com/tanuu_verse?igsh=YmhlejB1NzA3ZG53","I declare that the information provided is true.","I agree to follow the rules and guidelines of Vijayawada Utsav 2025","I understand that the panel decision is finally and they hold the right to disqualify any entry at any stage.",""
"VUJ0131","26/09/2026 22:05:26","eragadidla vinod Babu ","Junior 13-18","15","Male","8074876367","Vijayawada","","","Craft Collage","","","","I declare that the information provided is true.","I agree to follow the rules and guidelines of Vijayawada Utsav 2025","I understand that the panel decision is finally and they hold the right to disqualify any entry at any stage.",""
"VUJ0131","26/09/2026 22:25:51","Eragadindila vinod babu ","Junior 13-18","15","Male","8074876367","Vijayawada","","","Craft Collage","","","","I declare that the information provided is true.","I agree to follow the rules and guidelines of Vijayawada Utsav 2025","I understand that the panel decision is finally and they hold the right to disqualify any entry at any stage.",""
"VUS0127","26/09/2026 22:26:13","S. Archana ","Senior 19+","40","Female","9963603599","Vijayawada","Swaram - Solo Classical Vocal","Swara Sangam - Classical Vocal Group, Gana Sangam - Cinematic/Folk/Freestyle  Vocal Group","","","","","I declare that the information provided is true.","I agree to follow the rules and guidelines of Vijayawada Utsav 2025","I understand that the panel decision is finally and they hold the right to disqualify any entry at any stage.",""
"VUSJ0132","26/09/2026 23:17:45","N KNS Vedasri ","Sub Junior 6-12","11","Female","9441221573","Andhra Pradesh (except Vijayawada)","Nritya - Classical Dance Solo","","Katha Rachana - Story Writing","","","","I declare that the information provided is true.","I agree to follow the rules and guidelines of Vijayawada Utsav 2025","I understand that the panel decision is finally and they hold the right to disqualify any entry at any stage.",""
"VUSJ0133","26/09/2026 23:18:59","Rakesh","Sub Junior 6-12","7","Male","9948493192","Vijayawada","","Gana Sangam - Cinematic/Folk/Freestyle  Vocal Group","","","","","I declare that the information provided is true.","I agree to follow the rules and guidelines of Vijayawada Utsav 2025","I understand that the panel decision is finally and they hold the right to disqualify any entry at any stage.",""
"VUSJ0134","26/09/2026 23:19:40","N Bhargava Sri Rama chandrudu","Sub Junior 6-12","7","Male","9441221573","Andhra Pradesh (except Vijayawada)","Swaram - Solo Classical Vocal","","Katha Tarang - Storytelling, Padya Pravah - telugu Padyalu","","","","I declare that the information provided is true.","I agree to follow the rules and guidelines of Vijayawada Utsav 2025","I understand that the panel decision is finally and they hold the right to disqualify any entry at any stage.",""
"VUSJ0135","26/09/2026 23:21:53","M.L.Sahasra","Sub Junior 6-12","9","Female","8464943078","Vijayawada","Swaram - Solo Classical Vocal","","Katha Tarang - Storytelling","","","","I declare that the information provided is true.","I agree to follow the rules and guidelines of Vijayawada Utsav 2025","I understand that the panel decision is finally and they hold the right to disqualify any entry at any stage.",""
"VUJ0136","26/09/2026 23:43:57","DODDI venkateshaya","Junior 13-18","13","Female","9908271439","Vijayawada","Swaram - Solo Classical Vocal","","","","","","I declare that the information provided is true.","I agree to follow the rules and guidelines of Vijayawada Utsav 2025","I understand that the panel decision is finally and they hold the right to disqualify any entry at any stage.",""
"VUSJ0137","27/09/2026 07:26:19","Ganavi vasireddy ","Sub Junior 6-12","","Female","7702509396","Andhra Pradesh (except Vijayawada)","Nritya - Classical Dance Solo","Nritya Samooha - Classical Dance Group, Janapada Jalsa - Folk Dance Group","","","","Yes","I declare that the information provided is true.","I agree to follow the rules and guidelines of Vijayawada Utsav 2025","I understand that the panel decision is finally and they hold the right to disqualify any entry at any stage.",""
"VUS0138","27/09/2026 11:12:59","Kothapalli. Yaswitha Sai Lakshmi  ","Senior 19+","19","Female","8790423298","Andhra Pradesh (except Vijayawada)","Nritya - Classical Dance Solo","","","","","https://youtu.be/2ssHeR_85SI?si=euOmki_4_iGWbXNZ","I declare that the information provided is true.","I agree to follow the rules and guidelines of Vijayawada Utsav 2025","I understand that the panel decision is finally and they hold the right to disqualify any entry at any stage.",""
"VUS0139","27/09/2026 11:14:36","Krishnapurapu. Bhavya Saranya  ","Senior 19+","19","Female","8790423298","Andhra Pradesh (except Vijayawada)","Nritya - Classical Dance Solo","","","","","https://youtu.be/2ssHeR_85SI?si=esdnf3jJIZ7esUib","I declare that the information provided is true.","I agree to follow the rules and guidelines of Vijayawada Utsav 2025","I understand that the panel decision is finally and they hold the right to disqualify any entry at any stage.",""
"VUJ0140","27/09/2026 11:51:06","VAKA SRIVIDYA","Junior 13-18","14","Female","7780481012","Vijayawada","","","Chitra Rekha - Drawing, Painting","Quiz on Vijayawada (Group of 3)","","","I declare that the information provided is true.","I agree to follow the rules and guidelines of Vijayawada Utsav 2025","I understand that the panel decision is finally and they hold the right to disqualify any entry at any stage.",""
"VUS0141","27/09/2026 13:34:21","Naga kruthika","Senior 19+","20","Female","9491616238","Vijayawada","Nritya - Classical Dance Solo","","Katha Tarang - Storytelling","","","","I declare that the information provided is true.","I agree to follow the rules and guidelines of Vijayawada Utsav 2025","I understand that the panel decision is finally and they hold the right to disqualify any entry at any stage.",""
"VUSJ0142","27/09/2026 14:36:34","Sonakshi Nalluri","Sub Junior 6-12","10","Female","8886979979","Andhra Pradesh (except Vijayawada)","Nritya - Classical Dance Solo, Joru - Folk Dance Solo, Swaram - Solo Classical Vocal","","","","","","I declare that the information provided is true.","I agree to follow the rules and guidelines of Vijayawada Utsav 2025","I understand that the panel decision is finally and they hold the right to disqualify any entry at any stage.",""
"VUS0216","27/09/2026 15:39:04","Aditya Tadiparthi","Senior 19+","23","Male","8328309967","Vijayawada","Raga Rhythm - Solo Melodic/ Non-Percussion Instrument","","","","","","I declare that the information provided is true.","I agree to follow the rules and guidelines of Vijayawada Utsav 2025","I understand that the panel decision is finally and they hold the right to disqualify any entry at any stage.",""
"VUS0143","27/09/2026 18:25:58","Likitha Panchala ","Senior 19+","21","Female","9396754876","Vijayawada","Nritya - Classical Dance Solo","Nritya Samooha - Classical Dance Group","","","","","I declare that the information provided is true.","I agree to follow the rules and guidelines of Vijayawada Utsav 2025","I understand that the panel decision is finally and they hold the right to disqualify any entry at any stage.",""
"VUJ0144","27/09/2026 18:30:45","M. Bala Saraswathi ","Junior 13-18","17","Female","7097233829","Vijayawada","Nritya - Classical Dance Solo","","","","","","I declare that the information provided is true.","I agree to follow the rules and guidelines of Vijayawada Utsav 2025","I understand that the panel decision is finally and they hold the right to disqualify any entry at any stage.",""
"VUSJ0145","27/09/2026 21:33:45","V shanmukha satya venkat","Sub Junior 6-12","9","Male","9059691687","Vijayawada","","","Chitra Rekha - Drawing, Painting","Quiz on Vijayawada (Group of 3)","","","I declare that the information provided is true.","I agree to follow the rules and guidelines of Vijayawada Utsav 2025","I understand that the panel decision is finally and they hold the right to disqualify any entry at any stage.",""
"VUSJ0146","27/09/2026 22:14:43","B NAGA SAHITYA REDDY","Sub Junior 6-12","","Female","7075658033","Vijayawada","Nritya - Classical Dance Solo","","","","","","I declare that the information provided is true.","I agree to follow the rules and guidelines of Vijayawada Utsav 2025","I understand that the panel decision is finally and they hold the right to disqualify any entry at any stage.",""
"VUSJ0147","27/09/2026 22:40:27","P raju","Sub Junior 6-12","12","Male","9951622624","Vijayawada","","Janapada Jalsa - Folk Dance Group","","","","https://www.instagram.com/reel/DdfkC3rPHBk/?stkn=b2lqbTJ5OGJ1Z2Iw","I declare that the information provided is true.","I agree to follow the rules and guidelines of Vijayawada Utsav 2025","I understand that the panel decision is finally and they hold the right to disqualify any entry at any stage.",""
"VUS0148","27/09/2026 23:07:10","Dyuthi dhara sai sree","Senior 19+","19","Female","7799616262","Andhra Pradesh (except Vijayawada)","Raga Rhythm - Solo Melodic/ Non-Percussion Instrument","","","","","","I declare that the information provided is true.","I agree to follow the rules and guidelines of Vijayawada Utsav 2025","I understand that the panel decision is finally and they hold the right to disqualify any entry at any stage.",""
"VUSJ0149","27/09/2026 23:15:10","M. Charan teja","Sub Junior 6-12","12","Male","9701939549","Vijayawada","Nritya - Classical Dance Solo","","","","","","I declare that the information provided is true.","I agree to follow the rules and guidelines of Vijayawada Utsav 2025","I understand that the panel decision is finally and they hold the right to disqualify any entry at any stage.","Shri natya tarangani"
"VUS0150","28/09/2026 06:54:50","Rpl narasimharao","Senior 19+","64","Male","","Andhra Pradesh (except Vijayawada)","Swaram - Solo Classical Vocal","","","","","","I declare that the information provided is true.","I agree to follow the rules and guidelines of Vijayawada Utsav 2025","I understand that the panel decision is finally and they hold the right to disqualify any entry at any stage.","స్వర రాగ సుధ guntur"
"VUSJ0151","28/09/2026 09:52:24","THASWIKA CHALLA","Sub Junior 6-12","12","Female","9000557547","Vijayawada","","","Chitra Rekha - Drawing, Painting, Craft Collage, Calligraphy - Handwriting","","","https://www.facebook.com/share/18HJh98yRB/","I declare that the information provided is true.","I agree to follow the rules and guidelines of Vijayawada Utsav 2025","I understand that the panel decision is finally and they hold the right to disqualify any entry at any stage.","SLATE THE SCHOOL VIJAYAWADA"
"VUS0152","28/09/2026 10:25:35","Thatavarthy Jaswanth ","Senior 19+","25","Male","9381639879","Vijayawada","","","Chitra Rekha - Drawing, Painting","Quiz on Vijayawada (Group of 3)","","","I declare that the information provided is true.","I agree to follow the rules and guidelines of Vijayawada Utsav 2025","I understand that the panel decision is finally and they hold the right to disqualify any entry at any stage.","Insource software "
"VUJ0153","28/09/2026 10:34:04","Bhavagna ","Junior 13-18","13","Female","9490882123","Vijayawada","","","Chitra Rekha - Drawing, Painting, Face Fiesta - Face Painting","Quiz on Vijayawada (Group of 3)","","","I declare that the information provided is true.","I agree to follow the rules and guidelines of Vijayawada Utsav 2025","I understand that the panel decision is finally and they hold the right to disqualify any entry at any stage.","Institute "
"VUSJ0154","28/09/2026 12:50:55","Yannam venkata vaishnavi ","Sub Junior 6-12","","Female","9705787935","Other","Nritya - Classical Dance Solo","Nritya Samooha - Classical Dance Group","","","","","I declare that the information provided is true.","I agree to follow the rules and guidelines of Vijayawada Utsav 2025","I understand that the panel decision is finally and they hold the right to disqualify any entry at any stage.","Sri nathya jyothi kala nilayam"
"VUSJ0155","28/09/2026 15:51:38","M.Saanvi Sri ","Sub Junior 6-12","11","Female","9666179576","Vijayawada","Nritya - Classical Dance Solo","","","","","","I declare that the information provided is true.","I agree to follow the rules and guidelines of Vijayawada Utsav 2025","I understand that the panel decision is finally and they hold the right to disqualify any entry at any stage.","THARANGA KUCHIPUDI DANCE INSTITUTE."
"VUJ0156","28/09/2026 16:27:21","Hasa SriMedha Duggirala","Junior 13-18","15","Female","7382979755","Vijayawada","Swaram - Solo Classical Vocal, Ganam - Solo Cinematic Vocal","","","","","Last year Stood 1st in Solo Singing in Vijayawada utsvav 2025, Hasa sri Medha","I declare that the information provided is true.","I agree to follow the rules and guidelines of Vijayawada Utsav 2025","I understand that the panel decision is finally and they hold the right to disqualify any entry at any stage.","V.P.S.PUBLIC SCHOOL"
"VUSJ0157","28/09/2026 17:19:05","B.DAKSHAYANI ","Sub Junior 6-12","8","Female","6281650277","Vijayawada","Nritya - Classical Dance Solo","Nritya Samooha - Classical Dance Group","","","","","I declare that the information provided is true.","I agree to follow the rules and guidelines of Vijayawada Utsav 2025","I understand that the panel decision is finally and they hold the right to disqualify any entry at any stage.","nill"
"VUSJ0158","28/09/2026 18:16:47","Annepu Aadhya sri ","Sub Junior 6-12","7","Female","8309956371","Vijayawada","","","Chitra Rekha - Drawing, Painting, Katha Tarang - Storytelling, Padya Pravah - telugu Padyalu","","","","I declare that the information provided is true.","I agree to follow the rules and guidelines of Vijayawada Utsav 2025","I understand that the panel decision is finally and they hold the right to disqualify any entry at any stage.","Next gen school, kanuru, vijayawada "
"VUJ0159","28/09/2026 19:33:28","V Rohit ","Junior 13-18","15","Male","9885137262","Andhra Pradesh (except Vijayawada)","Raga Rhythm - Solo Melodic/ Non-Percussion Instrument","","Padya Pravah - telugu Padyalu","","","https://www.instagram.com/vizag_kartik?stkn=MThrZDB3c29rendqNw==","I declare that the information provided is true.","I agree to follow the rules and guidelines of Vijayawada Utsav 2025","I understand that the panel decision is finally and they hold the right to disqualify any entry at any stage.","SANGITHA VAIBHAVAM"
"VUSJ0160","28/09/2026 19:35:36","VDS Kartik ","Sub Junior 6-12","10","Male","7989399356","Andhra Pradesh (except Vijayawada)","Swaram - Solo Classical Vocal, Raga Rhythm - Solo Melodic/ Non-Percussion Instrument","","Padya Pravah - telugu Padyalu","","","https://www.instagram.com/vizag_kartik?stkn=MThrZDB3c29rendqNw==","I declare that the information provided is true.","I agree to follow the rules and guidelines of Vijayawada Utsav 2025","I understand that the panel decision is finally and they hold the right to disqualify any entry at any stage.","Single "
"VUSJ0161","28/09/2026 20:41:36","NERUSU SRIKARA STAYA VIGNESH ","Sub Junior 6-12","12","Male","8074128979","Vijayawada","","","Chitra Rekha - Drawing, Painting, Craft Collage","Quiz on Vijayawada (Group of 3)","","","I declare that the information provided is true.","I agree to follow the rules and guidelines of Vijayawada Utsav 2025","I understand that the panel decision is finally and they hold the right to disqualify any entry at any stage.","Gowthama english medium high school "
"VUSJ0162","28/09/2026 20:55:10","Moturi Yaswitha siri","Sub Junior 6-12","9","Female","9885898305","Vijayawada","Nritya - Classical Dance Solo","Nritya Samooha - Classical Dance Group","","","","","I declare that the information provided is true.","I agree to follow the rules and guidelines of Vijayawada Utsav 2025","I understand that the panel decision is finally and they hold the right to disqualify any entry at any stage.","Sivam nrityalaya "
"VUJ0163","28/09/2026 21:18:07","K. Roja ","Junior 13-18","13","Female","8790423298","Andhra Pradesh (except Vijayawada)","","Nritya Samooha - Classical Dance Group","","","","https://youtu.be/DqXVsY6Xias?si=4aqUBShbw803L0Y-","I declare that the information provided is true.","I agree to follow the rules and guidelines of Vijayawada Utsav 2025","I understand that the panel decision is finally and they hold the right to disqualify any entry at any stage.","Sri Nataraja Nruthyalayam, Mangalagiri "
"VUJ0164","28/09/2026 21:19:19","A. Deeksha ","Junior 13-18","15","Female","8790423298","Andhra Pradesh (except Vijayawada)","","Nritya Samooha - Classical Dance Group","","","","https://youtu.be/DqXVsY6Xias?si=4aqUBShbw803L0Y-","I declare that the information provided is true.","I agree to follow the rules and guidelines of Vijayawada Utsav 2025","I understand that the panel decision is finally and they hold the right to disqualify any entry at any stage.","Sri Nataraja Nruthyalayam, Mangalagiri "
"VUJ0165","28/09/2026 21:20:07","Ch. Sri Bhargavi ","Junior 13-18","16","Female","8790423298","Andhra Pradesh (except Vijayawada)","","Nritya Samooha - Classical Dance Group","","","","https://youtu.be/DqXVsY6Xias?si=4aqUBShbw803L0Y-","I declare that the information provided is true.","I agree to follow the rules and guidelines of Vijayawada Utsav 2025","I understand that the panel decision is finally and they hold the right to disqualify any entry at any stage.","Sri Nataraja Nruthyalayam, Mangalagiri "
"VUJ0166","28/09/2026 21:20:48","G. Tejaswini ","Junior 13-18","13","Female","8790423298","Andhra Pradesh (except Vijayawada)","","Nritya Samooha - Classical Dance Group","","","","https://youtu.be/DqXVsY6Xias?si=4aqUBShbw803L0Y-","I declare that the information provided is true.","I agree to follow the rules and guidelines of Vijayawada Utsav 2025","I understand that the panel decision is finally and they hold the right to disqualify any entry at any stage.","Sri Nataraja Nruthyalayam,  Mangalagiri "
"VUJ0167","28/09/2026 21:21:50","G. Gokula ","Junior 13-18","13","Female","8790423298","Andhra Pradesh (except Vijayawada)","","Nritya Samooha - Classical Dance Group","","","","https://youtu.be/DqXVsY6Xias?si=4aqUBShbw803L0Y-","I declare that the information provided is true.","I agree to follow the rules and guidelines of Vijayawada Utsav 2025","I understand that the panel decision is finally and they hold the right to disqualify any entry at any stage.","Sri Nataraja Nruthyalayam,  Mangalagiri "
"VUS0168","28/09/2026 21:23:22","Adisri Tutika","Senior 19+","47","Female","7075152914","Vijayawada","","","Chitra Rekha - Drawing, Painting, Face Fiesta - Face Painting, Craft Collage, Muggu Magic - Rangoli, Katha Tarang - Storytelling","","3 Generations Talent Show","","I declare that the information provided is true.","I agree to follow the rules and guidelines of Vijayawada Utsav 2025","I understand that the panel decision is finally and they hold the right to disqualify any entry at any stage.","Home maker"
"VUS0169","28/09/2026 21:24:48","Renukeswararao Chintha","Senior 19+","23","Male","7075152914","Vijayawada","Swaram - Solo Classical Vocal, Ganam - Solo Cinematic Vocal, The Ultimate One - Mono Action, Mime, Magic, Mimicry, Comedy","","Face Fiesta - Face Painting, Craft Collage, Padya Pravah - telugu Padyalu, Vesham Fiesta - Fancy Dress","Quiz on Vijayawada (Group of 3)","3 Generations Talent Show","","I declare that the information provided is true.","I agree to follow the rules and guidelines of Vijayawada Utsav 2025","I understand that the panel decision is finally and they hold the right to disqualify any entry at any stage.","Rvr&jc"
"VUJ0170","28/09/2026 21:26:15","Devi Sri teja kalluri","Junior 13-18","18","Male","7702566484","Vijayawada","Joru - Folk Dance Solo, Udaan - Freestyle Dance Solo, Swaram - Solo Classical Vocal, Ganam - Solo Cinematic Vocal, The Ultimate One - Mono Action, Mime, Magic, Mimicry, Comedy","","Face Fiesta - Face Painting, Craft Collage, Muggu Magic - Rangoli, Katha Tarang - Storytelling, Vesham Fiesta - Fancy Dress","Quiz on Vijayawada (Group of 3)","3 Generations Talent Show","","I declare that the information provided is true.","I agree to follow the rules and guidelines of Vijayawada Utsav 2025","I understand that the panel decision is finally and they hold the right to disqualify any entry at any stage.","Government arts college"
"VUJ0171","28/09/2026 21:38:07","Koncham SANTOSH","Junior 13-18","14","Male","9052737644","Vijayawada","","","Chitra Rekha - Drawing, Painting","","","","I declare that the information provided is true.","I agree to follow the rules and guidelines of Vijayawada Utsav 2025","I understand that the panel decision is finally and they hold the right to disqualify any entry at any stage.","ARUNA ENGLISH MEDIUM HIGH SCHOOL"
"VUS0172","28/09/2026 21:39:32","Dadi Sreeram Prasad ","Senior 19+","40","Male","7416575357","Andhra Pradesh (except Vijayawada)","Ganam - Solo Cinematic Vocal","","","","","https://youtu.be/KmJCThEMJI0?si=SXiIMmKpcL-8XGOZ","I declare that the information provided is true.","I agree to follow the rules and guidelines of Vijayawada Utsav 2025","I understand that the panel decision is finally and they hold the right to disqualify any entry at any stage.","HCL technologies "
"VUJ0171","28/09/2026 21:43:55","K.SANTOSH","Junior 13-18","14","Male","9052737644","Vijayawada","","","Chitra Rekha - Drawing, Painting","Quiz on Vijayawada (Group of 3)","","","I declare that the information provided is true.","I agree to follow the rules and guidelines of Vijayawada Utsav 2025","I understand that the panel decision is finally and they hold the right to disqualify any entry at any stage.","ARUNA (E.M) HIGH SCHOOL"
"VUS0173","28/09/2026 22:30:15","P.pavan","Senior 19+","23","Male","8919465943","Andhra Pradesh (except Vijayawada)","Udaan - Freestyle Dance Solo","","","","","https://www.instagram.com/reel/DXtq2N6iO1x/?stkn=MWpvd2owaXZ0bHMwbA==","I declare that the information provided is true.","I agree to follow the rules and guidelines of Vijayawada Utsav 2025","I understand that the panel decision is finally and they hold the right to disqualify any entry at any stage.","Government degree college"
"VUJ0174","28/09/2026 22:31:10","Sahithya ","Junior 13-18","14","Female","9559441230","Vijayawada","","","Chitra Rekha - Drawing, Painting","","","","I declare that the information provided is true.","I agree to follow the rules and guidelines of Vijayawada Utsav 2025","I understand that the panel decision is finally and they hold the right to disqualify any entry at any stage.","You survive some brash "
"VUS0175","28/09/2026 23:40:16","R Siva Teja","Senior 19+","21","Male","9441523847","Vijayawada","Swaram - Solo Classical Vocal, Ganam - Solo Cinematic Vocal","","","","","https://www.instagram.com/harmonious_crooner_?stkn=MXY4cTBkeGl2N2VuYQ==","I declare that the information provided is true.","I agree to follow the rules and guidelines of Vijayawada Utsav 2025","I understand that the panel decision is finally and they hold the right to disqualify any entry at any stage.","Velagapudi Rama Krishna Siddartha colleg"
"VUSJ0176","29/09/2026 06:50:18","PYNA ESTHER RAINA ","Sub Junior 6-12","9","Female","","Vijayawada","Joru - Folk Dance Solo, Udaan - Freestyle Dance Solo","","Chitra Rekha - Drawing, Painting, Vesham Fiesta - Fancy Dress","","","divya.pyna instagram ","I declare that the information provided is true.","I agree to follow the rules and guidelines of Vijayawada Utsav 2025","I understand that the panel decision is finally and they hold the right to disqualify any entry at any stage.","Tanaya dance academy "
"VUJ0177","29/09/2026 07:39:01","Pullagora. Sai Nikhilesh","Senior 19+","18","Male","7569731932","Vijayawada","","","Katha Tarang - Storytelling, Katha Rachana - Story Writing, Vijayawada Uncut - Reel/Video Making about Vijaaywada, Lenscape - Photography","","","","I declare that the information provided is true.","I agree to follow the rules and guidelines of Vijayawada Utsav 2025","I understand that the panel decision is finally and they hold the right to disqualify any entry at any stage.","Sri Vasista"
"VUJ0178","29/09/2026 07:47:54","Sai REVEESH Mantena","Junior 13-18","16","Male","8019610389","Vijayawada","Swaram - Solo Classical Vocal, Ganam - Solo Cinematic Vocal, Tala Tarang - Solo Percussion Instrument","","","","","","I declare that the information provided is true.","I agree to follow the rules and guidelines of Vijayawada Utsav 2025","I understand that the panel decision is finally and they hold the right to disqualify any entry at any stage.","Private "
"VUJ0179","29/09/2026 07:49:57","MANTENA SAI GEETANA ","Junior 13-18","13","Female","8019389389","Vijayawada","Nritya - Classical Dance Solo","","","","","","I declare that the information provided is true.","I agree to follow the rules and guidelines of Vijayawada Utsav 2025","I understand that the panel decision is finally and they hold the right to disqualify any entry at any stage.","Hamsadwani kuchipudi"
"VUJ0178","29/09/2026 07:52:28","Sai REVEESH MANTENA ","Junior 13-18","16","Male","8019610389","Vijayawada","Raga Rhythm - Solo Melodic/ Non-Percussion Instrument","","","","","","I declare that the information provided is true.","I agree to follow the rules and guidelines of Vijayawada Utsav 2025","I understand that the panel decision is finally and they hold the right to disqualify any entry at any stage.","Private"
"VUSJ0180","29/09/2026 08:57:19","Yellapu Tanusha ","Sub Junior 6-12","10","Female","9133322448","Vijayawada","Nritya - Classical Dance Solo, Ganam - Solo Cinematic Vocal","","Chitra Rekha - Drawing, Painting, Face Fiesta - Face Painting, Craft Collage, Calligraphy - Handwriting, Katha Tarang - Storytelling, Katha Rachana - Story Writing, Vesham Fiesta - Fancy Dress, Vijayawada Uncut - Reel/Video Making about Vijaaywada","","","","I declare that the information provided is true.","I agree to follow the rules and guidelines of Vijayawada Utsav 2025","I understand that the panel decision is finally and they hold the right to disqualify any entry at any stage.","Kendriya vidyalaya Sangathan No.2 Vijayawada "
"VUSJ0181","29/09/2026 10:55:45","Patala parinita","Sub Junior 6-12","9","Female","9603357660","Vijayawada","","","Padya Pravah - telugu Padyalu","","","","I declare that the information provided is true.","I agree to follow the rules and guidelines of Vijayawada Utsav 2025","I understand that the panel decision is finally and they hold the right to disqualify any entry at any stage.","Sai Aruna High school "
"VUSJ0063","29/09/2026 13:03:01","Shrinika Bitra","Sub Junior 6-12","6","Female","7382359491","Vijayawada","Swaram - Solo Classical Vocal, Ganam - Solo Cinematic Vocal","","","","","","I declare that the information provided is true.","I agree to follow the rules and guidelines of Vijayawada Utsav 2025","I understand that the panel decision is finally and they hold the right to disqualify any entry at any stage.","BIS"
"VUSJ0182","29/09/2026 13:06:57","Emani. Jeswitha","Sub Junior 6-12","10","Female","7702946875","Vijayawada","Tala Tarang - Solo Percussion Instrument","","","","","","I declare that the information provided is true.","I agree to follow the rules and guidelines of Vijayawada Utsav 2025","I understand that the panel decision is finally and they hold the right to disqualify any entry at any stage.","Sri music institute"
"VUS0019","29/09/2026 14:31:24","Neeraja Hari Prabhala","Senior 19+","61","Female","9490333194","Vijayawada","Swaram - Solo Classical Vocal, Ganam - Solo Cinematic Vocal","","Chitra Rekha - Drawing, Painting, Craft Collage, Calligraphy - Handwriting, Katha Tarang - Storytelling, Katha Rachana - Story Writing","Quiz on Vijayawada (Group of 3)","","","I declare that the information provided is true.","I agree to follow the rules and guidelines of Vijayawada Utsav 2025","I understand that the panel decision is finally and they hold the right to disqualify any entry at any stage.","Individual"
"VUSJ0183","29/09/2026 14:35:07","B.Himaja","Sub Junior 6-12","","Female","9885532177","Vijayawada","Nritya - Classical Dance Solo","","","","","","I declare that the information provided is true.","I agree to follow the rules and guidelines of Vijayawada Utsav 2025","I understand that the panel decision is finally and they hold the right to disqualify any entry at any stage.","Mudra kuchipudi Dance Institute, vijaywada "
"VUS0014","29/09/2026 14:35:33","RACHAKULA AMRUTH SHALIM JOSH","Senior 19+","21","Male","9030748241","Vijayawada","","","Vijayawada Uncut - Reel/Video Making about Vijaaywada","Quiz on Vijayawada (Group of 3)","","","I declare that the information provided is true.","I agree to follow the rules and guidelines of Vijayawada Utsav 2025","I understand that the panel decision is finally and they hold the right to disqualify any entry at any stage.","ANDHRA UNIVERSITY"
"VUSJ0184","29/09/2026 14:40:45","p.Brahmani","Sub Junior 6-12","","Female","9885532177","Vijayawada","Nritya - Classical Dance Solo","","","","","","I declare that the information provided is true.","I agree to follow the rules and guidelines of Vijayawada Utsav 2025","I understand that the panel decision is finally and they hold the right to disqualify any entry at any stage.","Mudra kuchipudi Dance Institute "
"VUSJ0185","29/09/2026 14:57:04","Brahmani. Pinireddy ","Sub Junior 6-12","","Female","6301520839","Vijayawada","Nritya - Classical Dance Solo","","","","","","I declare that the information provided is true.","I agree to follow the rules and guidelines of Vijayawada Utsav 2025","I understand that the panel decision is finally and they hold the right to disqualify any entry at any stage.","Mudra dance institute "
"VUSJ0013","29/09/2026 14:57:38","Pasupuleti Rushmitha Lakshmi devi ","Sub Junior 6-12","8","Female","7799386875","Andhra Pradesh (except Vijayawada)","Nritya - Classical Dance Solo","","","","","","I declare that the information provided is true.","I agree to follow the rules and guidelines of Vijayawada Utsav 2025","I understand that the panel decision is finally and they hold the right to disqualify any entry at any stage.","Sri Uma Someswara natya nilaya kuchupudi Kalakshetram "
"VUJ0186","29/09/2026 15:05:15","Navyasri ","Junior 13-18","","Female","9398794869","Vijayawada","","Nritya Samooha - Classical Dance Group","","","","","I declare that the information provided is true.","I agree to follow the rules and guidelines of Vijayawada Utsav 2025","I understand that the panel decision is finally and they hold the right to disqualify any entry at any stage.","Sri Raghavendra nruthyalayam "
"VUSJ0187","29/09/2026 15:51:10","Singudasu Sai Sansita","Sub Junior 6-12","9","Female","9493684419","Vijayawada","Nritya - Classical Dance Solo","","","","","","I declare that the information provided is true.","I agree to follow the rules and guidelines of Vijayawada Utsav 2025","I understand that the panel decision is finally and they hold the right to disqualify any entry at any stage.","Mudra kuchipudi dance institution"
"VUSJ0188","29/09/2026 15:52:59","Singudasu Tanvita","Sub Junior 6-12","7","Female","9493684419","Vijayawada","Nritya - Classical Dance Solo","","","","","","I declare that the information provided is true.","I agree to follow the rules and guidelines of Vijayawada Utsav 2025","I understand that the panel decision is finally and they hold the right to disqualify any entry at any stage.","Mudra kuchipudi dance institution "
"VUSJ0189","29/09/2026 16:16:36","Sunkireddy Sri Gautami","Sub Junior 6-12","","Female","9492450310","Vijayawada","Nritya - Classical Dance Solo","","","","","","I declare that the information provided is true.","I agree to follow the rules and guidelines of Vijayawada Utsav 2025","I understand that the panel decision is finally and they hold the right to disqualify any entry at any stage.","Mudra kuchipudi institute "
"VUSJ0190","29/09/2026 16:32:37","Janga Nithyasri","Sub Junior 6-12","11","Female","7780429315","Vijayawada","Nritya - Classical Dance Solo","","","","","","I declare that the information provided is true.","I agree to follow the rules and guidelines of Vijayawada Utsav 2025","I understand that the panel decision is finally and they hold the right to disqualify any entry at any stage.","Mudhra institution"
"VUSJ0191","29/09/2026 16:37:09","Dola hima sri","Sub Junior 6-12","","Female","8555973612","Vijayawada","Nritya - Classical Dance Solo","Nritya Samooha - Classical Dance Group","","","","","I declare that the information provided is true.","I agree to follow the rules and guidelines of Vijayawada Utsav 2025","I understand that the panel decision is finally and they hold the right to disqualify any entry at any stage.","Trindh chari natayamadali"
"VUSJ0192","29/09/2026 16:47:44","Bandi Lakshmi Vagdevi ","Sub Junior 6-12","11","Female","9052053777","Vijayawada","Nritya - Classical Dance Solo","","","","","","I declare that the information provided is true.","I agree to follow the rules and guidelines of Vijayawada Utsav 2025","I understand that the panel decision is finally and they hold the right to disqualify any entry at any stage.","Mudra institute "
"VUSJ0193","29/09/2026 17:40:54","Nishitha kotla","Sub Junior 6-12","","Female","9949656453","Andhra Pradesh (except Vijayawada)","Nritya - Classical Dance Solo","","","","","","I declare that the information provided is true.","I agree to follow the rules and guidelines of Vijayawada Utsav 2025","I understand that the panel decision is finally and they hold the right to disqualify any entry at any stage.","Mudra kuchipudi institute "
"VUJ0194","29/09/2026 17:46:02","Kurnavelli Hemamalini ","Junior 13-18","18","Female","8309850132","Vijayawada","","","Katha Rachana - Story Writing, Padya Pravah - telugu Padyalu","Quiz on Vijayawada (Group of 3)","","","I declare that the information provided is true.","I agree to follow the rules and guidelines of Vijayawada Utsav 2025","I understand that the panel decision is finally and they hold the right to disqualify any entry at any stage.","Srr and Cvr"
"VUSJ0195","29/09/2026 17:59:32","Kotla Chaaturvi ","Sub Junior 6-12","7","Female","9849873410","Vijayawada","Nritya - Classical Dance Solo","","","","","","I declare that the information provided is true.","I agree to follow the rules and guidelines of Vijayawada Utsav 2025","I understand that the panel decision is finally and they hold the right to disqualify any entry at any stage.","Mudra Kuchipudi Dance Institute "
"VUJ0196","29/09/2026 18:26:53","Motepalli Thanu sri ","Junior 13-18","","Female","7382668258","Vijayawada","Nritya - Classical Dance Solo","","","","","No","I declare that the information provided is true.","I agree to follow the rules and guidelines of Vijayawada Utsav 2025","I understand that the panel decision is finally and they hold the right to disqualify any entry at any stage.","Ganta sala "
"VUSJ0197","29/09/2026 18:28:52","Bandi kundana","Sub Junior 6-12","","Female","9390324034","Vijayawada","Nritya - Classical Dance Solo","","","","","","I declare that the information provided is true.","I agree to follow the rules and guidelines of Vijayawada Utsav 2025","I understand that the panel decision is finally and they hold the right to disqualify any entry at any stage.","Ganta sala "
"VUSJ0198","29/09/2026 18:48:31","Mamillapalli V S N M Mokshith ","Sub Junior 6-12","9","Male","8498966202","Other","","","Chitra Rekha - Drawing, Painting, Calligraphy - Handwriting, Katha Tarang - Storytelling, Katha Rachana - Story Writing, Padya Pravah - telugu Padyalu","","","","I declare that the information provided is true.","I agree to follow the rules and guidelines of Vijayawada Utsav 2025","I understand that the panel decision is finally and they hold the right to disqualify any entry at any stage.","Tuition "
"VUS0199","29/09/2026 18:58:48","Kundeti Anusha","Senior 19+","37","Female","8885356989","Vijayawada","","","Muggu Magic - Rangoli","","","","I declare that the information provided is true.","I agree to follow the rules and guidelines of Vijayawada Utsav 2025","I understand that the panel decision is finally and they hold the right to disqualify any entry at any stage.","Open category "
"VUJ0200","29/09/2026 19:09:10","Songa. Krutilaya ","Junior 13-18","14","Female","9494204139","Andhra Pradesh (except Vijayawada)","Udaan - Freestyle Dance Solo","","","","","No videos ","I declare that the information provided is true.","I agree to follow the rules and guidelines of Vijayawada Utsav 2025","I understand that the panel decision is finally and they hold the right to disqualify any entry at any stage.","Solo academy "
"VUSJ0202","29/09/2026 19:23:21","Guthula.yami hiranmayi","Sub Junior 6-12","","Female","8328051227","Vijayawada","Nritya - Classical Dance Solo","","","","","","I declare that the information provided is true.","I agree to follow the rules and guidelines of Vijayawada Utsav 2025","I understand that the panel decision is finally and they hold the right to disqualify any entry at any stage.","Mudra kuchi pudi institute "
"VUSJ0201","29/09/2026 19:30:47","Naga Manogna Mandadapu","Sub Junior 6-12","12","Female","7981878037","Vijayawada","Nritya - Classical Dance Solo","","","","","https://youtu.be/u0l7VESFNHk?si=dEIZxrPOJxWQuif_","I declare that the information provided is true.","I agree to follow the rules and guidelines of Vijayawada Utsav 2025","I understand that the panel decision is finally and they hold the right to disqualify any entry at any stage.","Sri Lasya kuchipudi Arts academy"
"VUSJ0202","29/09/2026 19:32:00","Guthula.yami hiranmayi","Sub Junior 6-12","","Female","8328051227","Vijayawada","Nritya - Classical Dance Solo","","","","","","I declare that the information provided is true.","I agree to follow the rules and guidelines of Vijayawada Utsav 2025","I understand that the panel decision is finally and they hold the right to disqualify any entry at any stage.","Mudra kuchi pudi institute "
"VUJ0203","29/09/2026 19:40:03","Yeggina Naga Suchisri ","Junior 13-18","15","Female","9440535577","Vijayawada","","","Chitra Rekha - Drawing, Painting","","","","I declare that the information provided is true.","I agree to follow the rules and guidelines of Vijayawada Utsav 2025","I understand that the panel decision is finally and they hold the right to disqualify any entry at any stage.","Sarada College "
"VUSJ0204","29/09/2026 19:57:27","Lakku Joshitha ","Sub Junior 6-12","10","Female","9492764210","Vijayawada","Nritya - Classical Dance Solo","","","","","https://youtu.be/idMqfYIL0RA?si=4duCDrcO1luQj5O9","I declare that the information provided is true.","I agree to follow the rules and guidelines of Vijayawada Utsav 2025","I understand that the panel decision is finally and they hold the right to disqualify any entry at any stage.","Mudra"
"VUS0205","29/09/2026 19:59:59","D.Charishma","Senior 19+","20","Female","9705395809","Vijayawada","Nritya - Classical Dance Solo","","","","","","I declare that the information provided is true.","I agree to follow the rules and guidelines of Vijayawada Utsav 2025","I understand that the panel decision is finally and they hold the right to disqualify any entry at any stage.","Gantalasa "
"VUJ0206","29/09/2026 20:02:53","D.Vinishma","Junior 13-18","15","Female","9603951444","Vijayawada","","","Chitra Rekha - Drawing, Painting","","","","I declare that the information provided is true.","I agree to follow the rules and guidelines of Vijayawada Utsav 2025","I understand that the panel decision is finally and they hold the right to disqualify any entry at any stage.","Chitram"
"VUJ0207","29/09/2026 20:07:48","Sahithi Goru","Junior 13-18","14","Female","9704804274","Vijayawada","Swaram - Solo Classical Vocal, Ganam - Solo Cinematic Vocal","","","","","","I declare that the information provided is true.","I agree to follow the rules and guidelines of Vijayawada Utsav 2025","I understand that the panel decision is finally and they hold the right to disqualify any entry at any stage.","Sapta Swarala Sangeeta Pathashala "
"VUSJ0208","29/09/2026 20:49:14","Shanvi dev.p","Sub Junior 6-12","6","Female","8886527111","Vijayawada","Nritya - Classical Dance Solo","","","","","","I declare that the information provided is true.","I agree to follow the rules and guidelines of Vijayawada Utsav 2025","I understand that the panel decision is finally and they hold the right to disqualify any entry at any stage.","Mudra kuchipudi institute "
"VUSJ0209","29/09/2026 21:01:12","K.Geethika","Junior 13-18","","Female","9642524038","Andhra Pradesh (except Vijayawada)","Nritya - Classical Dance Solo","","","","","","I declare that the information provided is true.","I agree to follow the rules and guidelines of Vijayawada Utsav 2025","I understand that the panel decision is finally and they hold the right to disqualify any entry at any stage.","Sri natya Jyothi kala nilayam "
"VUS0210","29/09/2026 21:14:08","Joshna Venkata Naga Lakshmi Tammina ","Senior 19+","","Female","9912538282","Vijayawada","Nritya - Classical Dance Solo","Nritya Samooha - Classical Dance Group","","","","","I declare that the information provided is true.","I agree to follow the rules and guidelines of Vijayawada Utsav 2025","I understand that the panel decision is finally and they hold the right to disqualify any entry at any stage.","Geervani Nruthyanikethanam "
"VUS0211","29/09/2026 21:14:13","Naga Vasanthi Garigiparthi ","Junior 13-18","19","Female","9154245750","Vijayawada","Swaram - Solo Classical Vocal, Ganam - Solo Cinematic Vocal, Raga Rhythm - Solo Melodic/ Non-Percussion Instrument","","Muggu Magic - Rangoli","","","","I declare that the information provided is true.","I agree to follow the rules and guidelines of Vijayawada Utsav 2025","I understand that the panel decision is finally and they hold the right to disqualify any entry at any stage.","Sri sai ram music institue "
"VUSJ0212","29/09/2026 21:23:12","Jaanvitha.G","Sub Junior 6-12","","Female","9704167087","Vijayawada","Nritya - Classical Dance Solo","","","","","","I declare that the information provided is true.","I agree to follow the rules and guidelines of Vijayawada Utsav 2025","I understand that the panel decision is finally and they hold the right to disqualify any entry at any stage.","SP Dance Academy "
"VUSJ0213","29/09/2026 21:23:38","Varshitha Chanati","Sub Junior 6-12","8","Female","9573724131","Vijayawada","Nritya - Classical Dance Solo","","","","","","I declare that the information provided is true.","I agree to follow the rules and guidelines of Vijayawada Utsav 2025","I understand that the panel decision is finally and they hold the right to disqualify any entry at any stage.","Sp Dance academy "
"VUSJ0214","29/09/2026 21:51:02","Akula.Bhavishya","Sub Junior 6-12","8","Female","6304732900","Vijayawada","Nritya - Classical Dance Solo","","","","","","I declare that the information provided is true.","I agree to follow the rules and guidelines of Vijayawada Utsav 2025","I understand that the panel decision is finally and they hold the right to disqualify any entry at any stage.","Sri natya Tarangini Kuchipudi Dance institute"
"VUSJ0005","29/09/2026 21:55:22","K.Nishik","Sub Junior 6-12","10","Male","8309872692","Vijayawada","Swaram - Solo Classical Vocal, Ganam - Solo Cinematic Vocal","Swara Sangam - Classical Vocal Group, Gana Sangam - Cinematic/Folk/Freestyle  Vocal Group","Chitra Rekha - Drawing, Painting, Craft Collage, Calligraphy - Handwriting, Padya Pravah - telugu Padyalu","Quiz on Vijayawada (Group of 3)","","","I declare that the information provided is true.","I agree to follow the rules and guidelines of Vijayawada Utsav 2025","I understand that the panel decision is finally and they hold the right to disqualify any entry at any stage.","Vps public school"
"VUSJ0215","29/09/2026 22:06:38","K.Bhargavi Reddy","Sub Junior 6-12","12","Female","8341617182","Andhra Pradesh (except Vijayawada)","Nritya - Classical Dance Solo","","","","","","I declare that the information provided is true.","I agree to follow the rules and guidelines of Vijayawada Utsav 2025","I understand that the panel decision is finally and they hold the right to disqualify any entry at any stage.","Sri natya jyothi kala nilayam "
"VUS0216","29/09/2026 22:24:07","Aditya tadiparthi","Senior 19+","23","Male","8328309967","Vijayawada","Raga Rhythm - Solo Melodic/ Non-Percussion Instrument","","","","","","I declare that the information provided is true.","I agree to follow the rules and guidelines of Vijayawada Utsav 2025","I understand that the panel decision is finally and they hold the right to disqualify any entry at any stage.","Amazon "
"VUS0217","29/09/2026 22:28:45","Meda Sindhu sri ","Senior 19+","21","Female","8125796245","Vijayawada","","","Chitra Rekha - Drawing, Painting, Face Fiesta - Face Painting, Craft Collage, Calligraphy - Handwriting","","","","I declare that the information provided is true.","I agree to follow the rules and guidelines of Vijayawada Utsav 2025","I understand that the panel decision is finally and they hold the right to disqualify any entry at any stage.","Institution"
"VUSJ0093","29/09/2026 22:57:01","Damerla Venkata  Viveka Teerdhasri ","Sub Junior 6-12","7","Female","7382530194","Andhra Pradesh (except Vijayawada)","Nritya - Classical Dance Solo","","Calligraphy - Handwriting","","","","I declare that the information provided is true.","I agree to follow the rules and guidelines of Vijayawada Utsav 2025","I understand that the panel decision is finally and they hold the right to disqualify any entry at any stage.","Sri Natya jyothi Kala Nilayam"
"VUSJ0088","30/09/2026 07:51:15","Velisetti Medha sri ","Sub Junior 6-12","11","Female","9063839378","Andhra Pradesh (except Vijayawada)","Nritya - Classical Dance Solo","","Chitra Rekha - Drawing, Painting","","","Art work","I declare that the information provided is true.","I agree to follow the rules and guidelines of Vijayawada Utsav 2025","I understand that the panel decision is finally and they hold the right to disqualify any entry at any stage.","Sivam nrtyalaya"
"VUSJ0218","30/09/2026 07:51:55","M j kartika","Sub Junior 6-12","6","Female","7382565165","Vijayawada","Swaram - Solo Classical Vocal","","","","","","I declare that the information provided is true.","I agree to follow the rules and guidelines of Vijayawada Utsav 2025","I understand that the panel decision is finally and they hold the right to disqualify any entry at any stage.","Susarla music institution "
"VUSJ0088","30/09/2026 07:52:36","Medhasri","Sub Junior 6-12","11","Female","9063839378","Andhra Pradesh (except Vijayawada)","Nritya - Classical Dance Solo","","Chitra Rekha - Drawing, Painting","","","Artwork ","I declare that the information provided is true.","I agree to follow the rules and guidelines of Vijayawada Utsav 2025","I understand that the panel decision is finally and they hold the right to disqualify any entry at any stage.","Sivam nrtyalaya "
"VUSJ0219","30/09/2026 09:17:17","Sruthi ,v","Sub Junior 6-12","9","Female","9014129605","Vijayawada","Nritya - Classical Dance Solo","Nritya Samooha - Classical Dance Group","Chitra Rekha - Drawing, Painting","","","","I declare that the information provided is true.","I agree to follow the rules and guidelines of Vijayawada Utsav 2025","I understand that the panel decision is finally and they hold the right to disqualify any entry at any stage.","Institutions "
"VUSJ0220","30/09/2026 09:27:32","Kolli Joshita ","Sub Junior 6-12","8","Female","7989939765","Vijayawada","Nritya - Classical Dance Solo","Nritya Samooha - Classical Dance Group, Janapada Jalsa - Folk Dance Group, Swara Sangam - Classical Vocal Group","Chitra Rekha - Drawing, Painting, Craft Collage, Muggu Magic - Rangoli, Padya Pravah - telugu Padyalu, Vijayawada Uncut - Reel/Video Making about Vijaaywada","Quiz on Vijayawada (Group of 3)","","Dance ","I declare that the information provided is true.","I agree to follow the rules and guidelines of Vijayawada Utsav 2025","I understand that the panel decision is finally and they hold the right to disqualify any entry at any stage.","Institute "
"VUSJ0222","30/09/2026 12:06:30","Ch Theerdhi ","Sub Junior 6-12","","Female","7075616964","Andhra Pradesh (except Vijayawada)","Nritya - Classical Dance Solo, Joru - Folk Dance Solo","","","","","","I declare that the information provided is true.","I agree to follow the rules and guidelines of Vijayawada Utsav 2025","I understand that the panel decision is finally and they hold the right to disqualify any entry at any stage.","Sai manjeera Kuchipudi "
"VUSJ0221","30/09/2026 12:06:40","Shanvitha.G","Sub Junior 6-12","","Female","7995661170","Andhra Pradesh (except Vijayawada)","Nritya - Classical Dance Solo, Joru - Folk Dance Solo","","","","","","I declare that the information provided is true.","I agree to follow the rules and guidelines of Vijayawada Utsav 2025","I understand that the panel decision is finally and they hold the right to disqualify any entry at any stage.","Sai Manjeera kuchipudi art acadamy "
"VUSJ0222","30/09/2026 12:09:39","Ch Theerdhi ","Sub Junior 6-12","","Female","7075616964","Andhra Pradesh (except Vijayawada)","Nritya - Classical Dance Solo, Joru - Folk Dance Solo","","","","","","I declare that the information provided is true.","I agree to follow the rules and guidelines of Vijayawada Utsav 2025","I understand that the panel decision is finally and they hold the right to disqualify any entry at any stage.","Sai manjeera Kuchipudi "
"VUSJ0223","30/09/2026 12:27:28","Matte Krishna Karthika ","Sub Junior 6-12","11","Female","8309882297","Vijayawada","","Nritya Samooha - Classical Dance Group, Dance Unleashed - Freestyle Dance Group","Chitra Rekha - Drawing, Painting, Craft Collage, Katha Tarang - Storytelling, Katha Rachana - Story Writing, Padya Pravah - telugu Padyalu, Vesham Fiesta - Fancy Dress","","","","I declare that the information provided is true.","I agree to follow the rules and guidelines of Vijayawada Utsav 2025","I understand that the panel decision is finally and they hold the right to disqualify any entry at any stage.","Aravinda CBSE "
"VUSJ0016","30/09/2026 12:28:38","Panditi Lakshana Reddy","Sub Junior 6-12","9","Female","8466962546","Vijayawada","Nritya - Classical Dance Solo, Joru - Folk Dance Solo, Udaan - Freestyle Dance Solo, Swaram - Solo Classical Vocal, Ganam - Solo Cinematic Vocal, The Ultimate One - Mono Action, Mime, Magic, Mimicry, Comedy","Nritya Samooha - Classical Dance Group, Janapada Jalsa - Folk Dance Group, Dance Unleashed - Freestyle Dance Group, Gana Sangam - Cinematic/Folk/Freestyle  Vocal Group, Rang Manch - Skit/Burrakatha/Harikatha/Street Play/Theatre work","Chitra Rekha - Drawing, Painting, Craft Collage, Katha Tarang - Storytelling, Katha Rachana - Story Writing, Vesham Fiesta - Fancy Dress, Vijayawada Uncut - Reel/Video Making about Vijaaywada","Quiz on Vijayawada (Group of 3)","","lucky_and_nani_starkids","I declare that the information provided is true.","I agree to follow the rules and guidelines of Vijayawada Utsav 2025","I understand that the panel decision is finally and they hold the right to disqualify any entry at any stage.","Aravinda High School"
"VUSJ0225","30/09/2026 12:29:53","Batchu.venkata jahnavi","Sub Junior 6-12","10","Female","","Vijayawada","Nritya - Classical Dance Solo","","","","","","I declare that the information provided is true.","I agree to follow the rules and guidelines of Vijayawada Utsav 2025","I understand that the panel decision is finally and they hold the right to disqualify any entry at any stage.","Institution "
"VUSJ0224","30/09/2026 12:30:35","Matte kailash Raghuveer ","Sub Junior 6-12","8","Male","8309882297","Vijayawada","","Dance Unleashed - Freestyle Dance Group","Katha Tarang - Storytelling","","","","I declare that the information provided is true.","I agree to follow the rules and guidelines of Vijayawada Utsav 2025","I understand that the panel decision is finally and they hold the right to disqualify any entry at any stage.","Aravinda CBSE "
"VUSJ0225","30/09/2026 12:33:32","Batchu. Venkata jahnavi ","Sub Junior 6-12","10","Female","","Vijayawada","Nritya - Classical Dance Solo","","","","","","I declare that the information provided is true.","I agree to follow the rules and guidelines of Vijayawada Utsav 2025","I understand that the panel decision is finally and they hold the right to disqualify any entry at any stage.","Institution "
"VUS0226","30/09/2026 14:18:12","Sree","Senior 19+","21","Female","8897185586","Vijayawada","Nritya - Classical Dance Solo","Nritya Samooha - Classical Dance Group","","","","","I declare that the information provided is true.","I agree to follow the rules and guidelines of Vijayawada Utsav 2025","I understand that the panel decision is finally and they hold the right to disqualify any entry at any stage.","Mudra"
"VUJ0194","30/09/2026 15:11:24","Kurnavelli Hemamalini ","Junior 13-18","18","Female","8309850132","Vijayawada","","","Katha Tarang - Storytelling, Katha Rachana - Story Writing, Padya Pravah - telugu Padyalu, Vesham Fiesta - Fancy Dress","Quiz on Vijayawada (Group of 3)","","","I declare that the information provided is true.","I agree to follow the rules and guidelines of Vijayawada Utsav 2025","I understand that the panel decision is finally and they hold the right to disqualify any entry at any stage.","Srr and Cvr"
"VUSJ0157","30/09/2026 16:00:29","Dakshayani","Sub Junior 6-12","8","Female","6281650277","Vijayawada","Joru - Folk Dance Solo, Udaan - Freestyle Dance Solo","Janapada Jalsa - Folk Dance Group, Dance Unleashed - Freestyle Dance Group","Chitra Rekha - Drawing, Painting, Muggu Magic - Rangoli, Calligraphy - Handwriting, Katha Tarang - Storytelling, Katha Rachana - Story Writing, Padya Pravah - telugu Padyalu","Quiz on Vijayawada (Group of 3)","","","I declare that the information provided is true.","I agree to follow the rules and guidelines of Vijayawada Utsav 2025","I understand that the panel decision is finally and they hold the right to disqualify any entry at any stage.","individual"
"VUSJ0227","30/09/2026 16:02:37","B. Indra Adwaith Reddy","Sub Junior 6-12","10","Male","6281650277","Vijayawada","Joru - Folk Dance Solo, Udaan - Freestyle Dance Solo","Janapada Jalsa - Folk Dance Group, Dance Unleashed - Freestyle Dance Group","Chitra Rekha - Drawing, Painting, Calligraphy - Handwriting, Katha Tarang - Storytelling, Katha Rachana - Story Writing, Padya Pravah - telugu Padyalu","Quiz on Vijayawada (Group of 3)","","","I declare that the information provided is true.","I agree to follow the rules and guidelines of Vijayawada Utsav 2025","I understand that the panel decision is finally and they hold the right to disqualify any entry at any stage.","Individual"
"VUJ0156","30/09/2026 17:13:49","HASA SRI MEDHA DUGGIRALA ","Junior 13-18","","Female","9494492904","Vijayawada","Swaram - Solo Classical Vocal, Ganam - Solo Cinematic Vocal","Swara Sangam - Classical Vocal Group, Gana Sangam - Cinematic/Folk/Freestyle  Vocal Group","","","","","I declare that the information provided is true.","I agree to follow the rules and guidelines of Vijayawada Utsav 2025","I understand that the panel decision is finally and they hold the right to disqualify any entry at any stage.","VPS PUBLIC SCHOOL"
"VUJ0228","30/09/2026 17:31:07","K. Mahima ","Junior 13-18","13","Female","9396979009","Vijayawada","","","Chitra Rekha - Drawing, Painting, Calligraphy - Handwriting","","","","I declare that the information provided is true.","I agree to follow the rules and guidelines of Vijayawada Utsav 2025","I understand that the panel decision is finally and they hold the right to disqualify any entry at any stage.","St. John's NEXUS school "
"VUJ0229","30/09/2026 17:32:14","Medabalimi .Mystica Rosa","Junior 13-18","13","Female","9381355471","Vijayawada","","","Chitra Rekha - Drawing, Painting, Craft Collage","","","","I declare that the information provided is true.","I agree to follow the rules and guidelines of Vijayawada Utsav 2025","I understand that the panel decision is finally and they hold the right to disqualify any entry at any stage.","St.johns Nexus  school"
"VUJ0230","30/09/2026 17:34:23","Kanakamedala Tharuni ","Junior 13-18","13","Female","","Vijayawada","","","Chitra Rekha - Drawing, Painting, Craft Collage","","","J_t 0617","I declare that the information provided is true.","I agree to follow the rules and guidelines of Vijayawada Utsav 2025","I understand that the panel decision is finally and they hold the right to disqualify any entry at any stage.","St.johns Nexus-school "
"VUSJ0231","30/09/2026 17:34:45","Tadapaneni.paavan karthikeya ","Sub Junior 6-12","10","Male","8519836999","Vijayawada","","","Chitra Rekha - Drawing, Painting","","","No ","I declare that the information provided is true.","I agree to follow the rules and guidelines of Vijayawada Utsav 2025","I understand that the panel decision is finally and they hold the right to disqualify any entry at any stage.","N.S M SCHOOL "
"VUJ0232","30/09/2026 17:40:57","S Bhuvana sri sai","Junior 13-18","13","Female","9603234665","Vijayawada","Nritya - Classical Dance Solo","","","","","","I declare that the information provided is true.","I agree to follow the rules and guidelines of Vijayawada Utsav 2025","I understand that the panel decision is finally and they hold the right to disqualify any entry at any stage.","Taranga dance academy"
"VUJ0229","30/09/2026 17:41:05","MEDABALIMI  MYSTICA ROSA ","Junior 13-18","13","Female","9381355471","Vijayawada","","","Chitra Rekha - Drawing, Painting, Craft Collage","","","@Meena-d5g2m","I declare that the information provided is true.","I agree to follow the rules and guidelines of Vijayawada Utsav 2025","I understand that the panel decision is finally and they hold the right to disqualify any entry at any stage.","St.johns Nexus school "
"VUJ0229","30/09/2026 17:49:40","MEDABALIMI MYSTICA ROSA ","Junior 13-18","13","Female","9381355471","Vijayawada","","","Chitra Rekha - Drawing, Painting, Craft Collage","","","@Meena-d5g2m","I declare that the information provided is true.","I agree to follow the rules and guidelines of Vijayawada Utsav 2025","I understand that the panel decision is finally and they hold the right to disqualify any entry at any stage.","St.johns Nexus school "
"VUSJ0233","30/09/2026 17:56:27","Kommavarapu.Eshanka","Sub Junior 6-12","12","Female","9052290920","Vijayawada","Nritya - Classical Dance Solo","","","","","","I declare that the information provided is true.","I agree to follow the rules and guidelines of Vijayawada Utsav 2025","I understand that the panel decision is finally and they hold the right to disqualify any entry at any stage.","THARANGA KUCHIPUDI DANCE INSTITUTE."
"VUSJ0233","30/09/2026 17:59:33","Kommavarapu.Eshanka","Sub Junior 6-12","12","Female","9052290920","Vijayawada","Nritya - Classical Dance Solo","","","","","","I declare that the information provided is true.","I agree to follow the rules and guidelines of Vijayawada Utsav 2025","I understand that the panel decision is finally and they hold the right to disqualify any entry at any stage.","THARANGA KUCHIPUDI DANCE INSTITUTE."
"VUSJ0155","30/09/2026 18:06:48","M.Saanvi Sri","Sub Junior 6-12","11","Female","9666179576","Vijayawada","Nritya - Classical Dance Solo","","","","","","I declare that the information provided is true.","I agree to follow the rules and guidelines of Vijayawada Utsav 2025","I understand that the panel decision is finally and they hold the right to disqualify any entry at any stage.","THARANGA KUCHIPUDI DANCE INSTITUTE."
"VUSJ0234","30/09/2026 18:08:11","MEDABALIMI LATHIKA ","Sub Junior 6-12","10","Female","9381355471","Vijayawada","","","Katha Tarang - Storytelling, Padya Pravah - telugu Padyalu","","","@Meena-d5g2m ","I declare that the information provided is true.","I agree to follow the rules and guidelines of Vijayawada Utsav 2025","I understand that the panel decision is finally and they hold the right to disqualify any entry at any stage.","St.johns Nexus school "
"VUJ0229","30/09/2026 18:22:10","MEDABALIMI MYSTICA ROSA","Junior 13-18","13","Female","9381355471","Vijayawada","","","Calligraphy - Handwriting","","","@Meena-d5g2m","I declare that the information provided is true.","I agree to follow the rules and guidelines of Vijayawada Utsav 2025","I understand that the panel decision is finally and they hold the right to disqualify any entry at any stage.","St.johns Nexus  school "
"VUSJ0235","30/09/2026 18:36:45","Pasupuleti Yoshitha ","Sub Junior 6-12","10","Female","8500199140","Vijayawada","Nritya - Classical Dance Solo","","Katha Tarang - Storytelling","","","","I declare that the information provided is true.","I agree to follow the rules and guidelines of Vijayawada Utsav 2025","I understand that the panel decision is finally and they hold the right to disqualify any entry at any stage.","Natyataragini "
"VUSJ0236","30/09/2026 18:40:49","Pasupuleti Abhay Tarak ","Sub Junior 6-12","9","Male","8500199140","Vijayawada","","","Craft Collage, Katha Tarang - Storytelling","","","","I declare that the information provided is true.","I agree to follow the rules and guidelines of Vijayawada Utsav 2025","I understand that the panel decision is finally and they hold the right to disqualify any entry at any stage.","Self"
"VUSJ0237","30/09/2026 18:43:23","Pakki divya megha desh Patnaik","Sub Junior 6-12","","Female","9700330991","Vijayawada","Nritya - Classical Dance Solo","","","","","","I declare that the information provided is true.","I agree to follow the rules and guidelines of Vijayawada Utsav 2025","I understand that the panel decision is finally and they hold the right to disqualify any entry at any stage.","Ghantasala institute ( Vijayawada)"
"VUSJ0238","30/09/2026 18:44:25","yadlapalli sitha haneesha","Sub Junior 6-12","10","Female","9963131234","Vijayawada","Nritya - Classical Dance Solo","","","","","","I declare that the information provided is true.","I agree to follow the rules and guidelines of Vijayawada Utsav 2025","I understand that the panel decision is finally and they hold the right to disqualify any entry at any stage.","bhama nruthyalaya"
"VUSJ0239","30/09/2026 18:54:51","A jaya hasini","Sub Junior 6-12","12","Female","8106272690","Vijayawada","","Janapada Jalsa - Folk Dance Group","Vesham Fiesta - Fancy Dress","Quiz on Vijayawada (Group of 3)","","Yes","I declare that the information provided is true.","I agree to follow the rules and guidelines of Vijayawada Utsav 2025","I understand that the panel decision is finally and they hold the right to disqualify any entry at any stage.","4A girls B"
"VUSJ0239","30/09/2026 19:00:26","A jaya hasini","Junior 13-18","13","Female","8106272690","Vijayawada","","Janapada Jalsa - Folk Dance Group","Vesham Fiesta - Fancy Dress","Quiz on Vijayawada (Group of 3)","","Not there","I declare that the information provided is true.","I agree to follow the rules and guidelines of Vijayawada Utsav 2025","I understand that the panel decision is finally and they hold the right to disqualify any entry at any stage.","4A girls B"
"VUSJ0239","30/09/2026 19:02:40","A jaya hasini","Junior 13-18","13","Female","8106272690","Vijayawada","","Janapada Jalsa - Folk Dance Group","Vesham Fiesta - Fancy Dress","Quiz on Vijayawada (Group of 3)","","Not there","I declare that the information provided is true.","I agree to follow the rules and guidelines of Vijayawada Utsav 2025","I understand that the panel decision is finally and they hold the right to disqualify any entry at any stage.","4A girls B"
"VUSJ0240","30/09/2026 19:03:03","Adwita KM","Sub Junior 6-12","11","Female","8500018455","Andhra Pradesh (except Vijayawada)","Nritya - Classical Dance Solo","Nritya Samooha - Classical Dance Group, Janapada Jalsa - Folk Dance Group","Katha Tarang - Storytelling, Padya Pravah - telugu Padyalu","","","","I declare that the information provided is true.","I agree to follow the rules and guidelines of Vijayawada Utsav 2025","I understand that the panel decision is finally and they hold the right to disqualify any entry at any stage.","చతుర్విధాభినయ కూచిపూడి శిక్షణాలయం "
"VUSJ0240","30/09/2026 19:07:04","Adwita KM","Sub Junior 6-12","11","Female","8500018455","Andhra Pradesh (except Vijayawada)","Nritya - Classical Dance Solo","Nritya Samooha - Classical Dance Group, Janapada Jalsa - Folk Dance Group","Katha Tarang - Storytelling, Padya Pravah - telugu Padyalu","","","https://youtube.com/@swethatg?si=7BIATCGgRca6inRN","I declare that the information provided is true.","I agree to follow the rules and guidelines of Vijayawada Utsav 2025","I understand that the panel decision is finally and they hold the right to disqualify any entry at any stage.","Chathurvidhaabhinaya Kuchipudi Shikshanalayam, Kurnool"
"VUSJ0101","30/09/2026 19:09:56","D.Rithvik ramachandra ","Sub Junior 6-12","10","Male","9494405546","Vijayawada","","","Calligraphy - Handwriting","","","","I declare that the information provided is true.","I agree to follow the rules and guidelines of Vijayawada Utsav 2025","I understand that the panel decision is finally and they hold the right to disqualify any entry at any stage.","Organization "
"VUJ0230","30/09/2026 19:11:44","Kanakamedala Tharuni ","Junior 13-18","13","Female","","Vijayawada","","","Calligraphy - Handwriting, Katha Rachana - Story Writing","","","","I declare that the information provided is true.","I agree to follow the rules and guidelines of Vijayawada Utsav 2025","I understand that the panel decision is finally and they hold the right to disqualify any entry at any stage.","St.johns Nexus-school "
"VUJ0241","30/09/2026 19:13:45","Himavarshini nunavath ","Junior 13-18","14","Female","9010632244","Vijayawada","","","","","","","I declare that the information provided is true.","I agree to follow the rules and guidelines of Vijayawada Utsav 2025","I understand that the panel decision is finally and they hold the right to disqualify any entry at any stage.","Nalanda Vidyaniketan "
"VUJ0242","30/09/2026 19:39:13","Sobha Annambhotla","Junior 13-18","","Female","9700735265","Vijayawada","","Nritya Samooha - Classical Dance Group","","","","https://www.instagram.com/reel/DcD7BXkOBe5/?stkn=Znp2a29oYXJ3Nmhv","I declare that the information provided is true.","I agree to follow the rules and guidelines of Vijayawada Utsav 2025","I understand that the panel decision is finally and they hold the right to disqualify any entry at any stage.","SVP DANCE INSTITUTE "
"VUJ0243","30/09/2026 19:41:11","Sanikommu chaitrika ","Junior 13-18","17","Female","9603026638","Vijayawada","","","Calligraphy - Handwriting","","","No","I declare that the information provided is true.","I agree to follow the rules and guidelines of Vijayawada Utsav 2025","I understand that the panel decision is finally and they hold the right to disqualify any entry at any stage.","Junior narayana ( bhavanipuram )"
"VUJ0244","30/09/2026 19:41:22","Sammeta hema shalini ","Junior 13-18","13","Female","6380904504","Vijayawada","","","","","","","I declare that the information provided is true.","I agree to follow the rules and guidelines of Vijayawada Utsav 2025","I understand that the panel decision is finally and they hold the right to disqualify any entry at any stage.","Nalanda Vidya Niketan "
"VUJ0174","30/09/2026 19:43:51","Sanikommu sahithya ","Junior 13-18","13","Female","960302638","Vijayawada","","","Craft Collage","","","","I declare that the information provided is true.","I agree to follow the rules and guidelines of Vijayawada Utsav 2025","I understand that the panel decision is finally and they hold the right to disqualify any entry at any stage.","Sri Vivekananda vidya niketan school ( bhavanipuram ) "
"VUJ0244","30/09/2026 19:44:21","Sammeta Hema Shalini","Junior 13-18","13","Female","6380904504","Vijayawada","","","","","","","I declare that the information provided is true.","I agree to follow the rules and guidelines of Vijayawada Utsav 2025","I understand that the panel decision is finally and they hold the right to disqualify any entry at any stage.","Nalanda Vidya Niketan "
"VUJ0243","30/09/2026 19:47:49","Sanikommu chaitrika ","Junior 13-18","17","Female","960302638","Vijayawada","","","Calligraphy - Handwriting","","","","I declare that the information provided is true.","I agree to follow the rules and guidelines of Vijayawada Utsav 2025","I understand that the panel decision is finally and they hold the right to disqualify any entry at any stage."," Junior narayana clg ( bhavanipuram )"
"VUSJ0245","30/09/2026 20:08:20","G vedhansh sai","Sub Junior 6-12","8","Male","7075500434","Vijayawada","Joru - Folk Dance Solo","Dance Unleashed - Freestyle Dance Group","","","","","I declare that the information provided is true.","I agree to follow the rules and guidelines of Vijayawada Utsav 2025","I understand that the panel decision is finally and they hold the right to disqualify any entry at any stage.","Solo"
"VUSJ0246","30/09/2026 20:15:14","S. Kondalarao","Sub Junior 6-12","54","Male","6303693550","Vijayawada","","Janapada Jalsa - Folk Dance Group, Dance Unleashed - Freestyle Dance Group","Chitra Rekha - Drawing, Painting","","","","I declare that the information provided is true.","I agree to follow the rules and guidelines of Vijayawada Utsav 2025","I understand that the panel decision is finally and they hold the right to disqualify any entry at any stage.","Mpps gaddamunugu "
"VUJ0247","30/09/2026 21:01:25","Krapa Pujyahamsini ","Junior 13-18","14","Female","9494535296","Vijayawada","Nritya - Classical Dance Solo","Janapada Jalsa - Folk Dance Group","Calligraphy - Handwriting","","","","I declare that the information provided is true.","I agree to follow the rules and guidelines of Vijayawada Utsav 2025","I understand that the panel decision is finally and they hold the right to disqualify any entry at any stage.","Nalanda Vidya Niketan "
"VUJ0247","30/09/2026 21:04:32","Krapa Pujyahamsini ","Junior 13-18","13","Female","9494535296","Vijayawada","Nritya - Classical Dance Solo","Janapada Jalsa - Folk Dance Group","Calligraphy - Handwriting","Quiz on Vijayawada (Group of 3)","Family Fashion Show","","I declare that the information provided is true.","I agree to follow the rules and guidelines of Vijayawada Utsav 2025","I understand that the panel decision is finally and they hold the right to disqualify any entry at any stage.","Nalanda Vidya Niketan "
"VUSJ0248","30/09/2026 21:14:02","K HARSHITHA ","Sub Junior 6-12","9","Female","9963410629","Vijayawada","Nritya - Classical Dance Solo","","","","","","I declare that the information provided is true.","I agree to follow the rules and guidelines of Vijayawada Utsav 2025","I understand that the panel decision is finally and they hold the right to disqualify any entry at any stage.","Shivam nrutyalayam"
"VUJ0249","30/09/2026 21:19:20","ARCHISHA SIRLA","Junior 13-18","13","Female","9903092413","Vijayawada","","","","","","","I declare that the information provided is true.","I agree to follow the rules and guidelines of Vijayawada Utsav 2025","I understand that the panel decision is finally and they hold the right to disqualify any entry at any stage.","Nalanda Vidyaniketan"
"VUJ0250","30/09/2026 21:52:00","Lohitha. Mamidala ","Junior 13-18","14","Female","9492317239","Vijayawada","Raga Rhythm - Solo Melodic/ Non-Percussion Instrument, Tala Tarang - Solo Percussion Instrument","Gana Sangam - Cinematic/Folk/Freestyle  Vocal Group","Vesham Fiesta - Fancy Dress, Vijayawada Uncut - Reel/Video Making about Vijaaywada","Quiz on Vijayawada (Group of 3)","Family Fashion Show","","I declare that the information provided is true.","I agree to follow the rules and guidelines of Vijayawada Utsav 2025","I understand that the panel decision is finally and they hold the right to disqualify any entry at any stage.","Nalanda "
"VUSJ0251","30/09/2026 21:52:25","Subniveesu yasasri vidya ","Sub Junior 6-12","11","Female","9849902635","Vijayawada","Nritya - Classical Dance Solo","","","","","","I declare that the information provided is true.","I agree to follow the rules and guidelines of Vijayawada Utsav 2025","I understand that the panel decision is finally and they hold the right to disqualify any entry at any stage.","Gvr music college"
"VUJ0250","30/09/2026 22:00:15","lohitha .mamidala","Junior 13-18","14","Female","949317239","Vijayawada","Swaram - Solo Classical Vocal","Dance Unleashed - Freestyle Dance Group","Muggu Magic - Rangoli","Quiz on Vijayawada (Group of 3)","3 Generations Talent Show, Family Fashion Show","nagalakshmimamidala638@gmail.com","I declare that the information provided is true.","I agree to follow the rules and guidelines of Vijayawada Utsav 2025","I understand that the panel decision is finally and they hold the right to disqualify any entry at any stage.","nalanda vidyaniketan"
"VUJ0252","30/09/2026 22:01:20","m lohitha","Junior 13-18","14","Female","9492317239","Vijayawada","Nritya - Classical Dance Solo","Nritya Samooha - Classical Dance Group","Chitra Rekha - Drawing, Painting","Quiz on Vijayawada (Group of 3)","3 Generations Talent Show, Family Fashion Show","","I declare that the information provided is true.","I agree to follow the rules and guidelines of Vijayawada Utsav 2025","I understand that the panel decision is finally and they hold the right to disqualify any entry at any stage.","nalanda"
"VUJ0250","30/09/2026 22:05:42","lohitha.m","Junior 13-18","14","Female","9492317239","Vijayawada","Ganam - Solo Cinematic Vocal","Dance Unleashed - Freestyle Dance Group","Face Fiesta - Face Painting","Quiz on Vijayawada (Group of 3)","3 Generations Talent Show, Family Fashion Show","nagalakshmimamidala638@gmail.com","I declare that the information provided is true.","I agree to follow the rules and guidelines of Vijayawada Utsav 2025","I understand that the panel decision is finally and they hold the right to disqualify any entry at any stage.","nalanda vidyanikthan"
"VUJ0250","30/09/2026 22:09:26","lohitha","Junior 13-18","14","Female","9492317239","Andhra Pradesh (except Vijayawada)","Nritya - Classical Dance Solo","Nritya Samooha - Classical Dance Group","Chitra Rekha - Drawing, Painting","Quiz on Vijayawada (Group of 3)","3 Generations Talent Show, Family Fashion Show","nagalakshmimamidala638@gmail.com","I declare that the information provided is true.","I agree to follow the rules and guidelines of Vijayawada Utsav 2025","I understand that the panel decision is finally and they hold the right to disqualify any entry at any stage.","nalanda"
"VUJ0250","30/09/2026 22:12:02","lohitha","Junior 13-18","14","Female","9492317239","Vijayawada","Joru - Folk Dance Solo","Swara Sangam - Classical Vocal Group","Katha Rachana - Story Writing","Quiz on Vijayawada (Group of 3)","3 Generations Talent Show, Family Fashion Show","nagalakshmimamidala638@gmail.com","I declare that the information provided is true.","I agree to follow the rules and guidelines of Vijayawada Utsav 2025","I understand that the panel decision is finally and they hold the right to disqualify any entry at any stage.","nagalakshmimamidala638@gmail.com"
"VUJ0253","30/09/2026 22:12:24","MANASVI NULI","Junior 13-18","14","Female","9573996369","Vijayawada","Nritya - Classical Dance Solo","","","","","https://youtu.be/OMbuvwlX5XY","I declare that the information provided is true.","I agree to follow the rules and guidelines of Vijayawada Utsav 2025","I understand that the panel decision is finally and they hold the right to disqualify any entry at any stage.","Hamenth Dance sir"
"VUSJ0254","30/09/2026 22:52:24","B.riya thanmay sree","Sub Junior 6-12","11","Female","9676671383","Vijayawada","Swaram - Solo Classical Vocal","Swara Sangam - Classical Vocal Group","Calligraphy - Handwriting","Quiz on Vijayawada (Group of 3)","","","I declare that the information provided is true.","I agree to follow the rules and guidelines of Vijayawada Utsav 2025","I understand that the panel decision is finally and they hold the right to disqualify any entry at any stage.","Don Bosco High School guntupalli "
"VUSJ0255","30/09/2026 22:55:23","B.vahishka sree","Sub Junior 6-12","7","Female","9676671383","Vijayawada","","","Chitra Rekha - Drawing, Painting, Katha Tarang - Storytelling","Quiz on Vijayawada (Group of 3)","","","I declare that the information provided is true.","I agree to follow the rules and guidelines of Vijayawada Utsav 2025","I understand that the panel decision is finally and they hold the right to disqualify any entry at any stage.","Don Bosco High School guntupalli "
"VUSJ0256","30/09/2026 23:17:07","Kurapati kaivalya ","Sub Junior 6-12","11","Female","9290081301","Vijayawada","Nritya - Classical Dance Solo","","","","","","I declare that the information provided is true.","I agree to follow the rules and guidelines of Vijayawada Utsav 2025","I understand that the panel decision is finally and they hold the right to disqualify any entry at any stage.","Sri Vivekananda VidyaNiketan"
"VUSJ0257","30/09/2026 23:35:35","Vedanshi Sunkara ","Sub Junior 6-12","8","Female","8639492288","Andhra Pradesh (except Vijayawada)","Nritya - Classical Dance Solo","Nritya Samooha - Classical Dance Group","","","","","I declare that the information provided is true.","I agree to follow the rules and guidelines of Vijayawada Utsav 2025","I understand that the panel decision is finally and they hold the right to disqualify any entry at any stage.","Mahadev Kuchipudi Natyakshetram"
"VUSJ0258","01/10/2026 08:48:00","G varshini ","Sub Junior 6-12","12","Female","7095864467","Vijayawada","Nritya - Classical Dance Solo","Nritya Samooha - Classical Dance Group","Vesham Fiesta - Fancy Dress","","","","I declare that the information provided is true.","I agree to follow the rules and guidelines of Vijayawada Utsav 2025","I understand that the panel decision is finally and they hold the right to disqualify any entry at any stage.","Abhinaya arts academy kuchipudi nutyalayam "
"VUS0259","01/10/2026 09:00:02","Tetakali Bindu Bhavani","Senior 19+","19","Female","9441293860","Vijayawada","","","Calligraphy - Handwriting, Katha Rachana - Story Writing","Quiz on Vijayawada (Group of 3)","","","I declare that the information provided is true.","I agree to follow the rules and guidelines of Vijayawada Utsav 2025","I understand that the panel decision is finally and they hold the right to disqualify any entry at any stage.","NRI INSTITUTE OF TECHNOLOGY"
"VUSJ0260","01/10/2026 10:44:42","UJWAL MEDISETTI","Sub Junior 6-12","6","Male","9912928888","Vijayawada","","","Vesham Fiesta - Fancy Dress","","","","I declare that the information provided is true.","I agree to follow the rules and guidelines of Vijayawada Utsav 2025","I understand that the panel decision is finally and they hold the right to disqualify any entry at any stage.","St John’s Nexus vijayawada"
"VUJ0261","01/10/2026 11:13:52","Kodali pardhasaradhi ","Junior 13-18","16","Male","9985858403","Vijayawada","","","Chitra Rekha - Drawing, Painting","","","","I declare that the information provided is true.","I agree to follow the rules and guidelines of Vijayawada Utsav 2025","I understand that the panel decision is finally and they hold the right to disqualify any entry at any stage.","Govt ITI college vijayawada "
"VUJ0262","01/10/2026 13:19:11","Athmuri  medhasree","Junior 13-18","14","Female","8074690884","Vijayawada","Nritya - Classical Dance Solo","Nritya Samooha - Classical Dance Group","","Quiz on Vijayawada (Group of 3)","","","I declare that the information provided is true.","I agree to follow the rules and guidelines of Vijayawada Utsav 2025","I understand that the panel decision is finally and they hold the right to disqualify any entry at any stage.","institution"